Detector Type,Descriptor Type,Frame#,#KeyPointsPerFrame,#KeyPointsPerROI,DetectorTime(ms),DescriptorTime(ms),#MatchedPoints,MatchingTime(ms)),TTC Lidar(s)),TTC Camera(s)),,TTCLidar-TTCCamera,Avg Delta
SHITOMASI,BRISK,0,1723,0,11.9058,13.6508,0,0,0,0,,,
SHITOMASI,BRISK,1,1759,0,8.8771,14.1868,797,9.4274,12.26714837,12.95897117,,0.6918228,1.498468682
SHITOMASI,BRISK,2,1820,0,8.8716,14.5389,779,7.415,13.34448197,12.41878346,,0.92569851,
SHITOMASI,BRISK,3,1850,0,9.7861,15.5771,843,9.1427,16.61570144,12.75023759,,3.86546385,
SHITOMASI,BRISK,4,1828,0,9.5776,17.4967,792,8.4984,13.98667226,13.32998937,,0.65668289,
SHITOMASI,BRISK,5,1806,0,9.0855,13.6179,817,7.8095,12.54579096,12.52653591,,0.01925505,
SHITOMASI,BRISK,6,1877,0,9.2835,14.2694,805,7.9577,13.63923707,13.52656863,,0.11266844,
SHITOMASI,BRISK,7,1894,0,9.3877,14.8464,780,8.4667,13.90812641,13.92219179,,0.01406538,
SHITOMASI,BRISK,8,1889,0,9.4127,14.6469,850,8.3124,13.95797539,12.06711006,,1.89086533,
SHITOMASI,BRISK,9,1917,0,8.9216,14.1813,842,8.1954,11.97481124,11.99092075,,0.01610951,
SHITOMASI,BRISK,10,1874,0,9.7557,14.3482,832,8.8907,11.99635538,12.41311786,,0.41676248,
SHITOMASI,BRISK,11,1912,0,8.9193,14.1334,857,7.8123,11.86344607,11.20355563,,0.65989044,
SHITOMASI,BRISK,12,1930,0,8.3382,16.6571,849,9.2676,9.88397122,12.49174447,,2.60777325,
SHITOMASI,BRISK,13,1880,0,10.2444,18.1015,884,10.4388,9.22065992,13.05232492,,3.831665,
SHITOMASI,BRISK,14,1886,0,9.5608,15.2532,889,7.55,9.60303309,12.56255689,,2.9595238,
SHITOMASI,BRISK,15,1957,0,11.0048,14.2972,906,8.7865,8.29712801,12.32915027,,4.03202226,
SHITOMASI,BRISK,16,1888,0,8.7598,13.8842,878,8.8824,8.94383484,10.54259847,,1.59876363,
SHITOMASI,BRISK,17,1919,0,8.4557,14.1954,914,8.4945,10.96531637,12.14025135,,1.17493498,
,,,,,,,,,,,,0,
SHITOMASI,BRIEF,0,1723,0,8.8168,5.5217,0,0,0,0,,0,
SHITOMASI,BRIEF,1,1759,0,8.9051,5.5025,1148,5.8644,12.26714837,13.81304836,,1.54589999,1.774654734
SHITOMASI,BRIEF,2,1820,0,9.1176,5.5147,1167,8.1177,13.34448197,13.61725894,,0.27277697,
SHITOMASI,BRIEF,3,1850,0,8.8651,5.6981,1221,5.8302,16.61570144,11.09640784,,5.5192936,
SHITOMASI,BRIEF,4,1828,0,8.9437,5.4221,1210,6.605,13.98667226,13.49682507,,0.48984719,
SHITOMASI,BRIEF,5,1806,0,8.65,5.1486,1221,6.5114,12.54579096,12.08029437,,0.46549659,
SHITOMASI,BRIEF,6,1877,0,8.9101,5.594,1155,5.8586,13.63923707,12.43592222,,1.20331485,
SHITOMASI,BRIEF,7,1894,0,9.8241,6.0679,1190,8.0785,13.90812641,17.66419334,,3.75606693,
SHITOMASI,BRIEF,8,1889,0,10.1276,5.8132,1214,7.8704,13.95797539,11.62925963,,2.32871576,
SHITOMASI,BRIEF,9,1917,0,8.6087,7.2392,1205,7.1652,11.97481124,11.27882694,,0.6959843,
SHITOMASI,BRIEF,10,1874,0,8.981,7.2233,1187,6.3651,11.99635538,12.08828776,,0.09193238,
SHITOMASI,BRIEF,11,1912,0,10.8291,6.9723,1193,8.6006,11.86344607,12.17943738,,0.31599131,
SHITOMASI,BRIEF,12,1930,0,10.0534,5.4156,1239,8.2171,9.88397122,11.02964013,,1.14566891,
SHITOMASI,BRIEF,13,1880,0,10.6322,6.3599,1249,8.5149,9.22065992,12.26612354,,3.04546362,
SHITOMASI,BRIEF,14,1886,0,9.7533,5.0725,1248,7.1991,9.60303309,11.42603786,,1.82300477,
SHITOMASI,BRIEF,15,1957,0,9.0956,5.9202,1262,6.4049,8.29712801,12.36849434,,4.07136633,
SHITOMASI,BRIEF,16,1888,0,9.1808,5.1254,1281,7.5995,8.94383484,11.80890738,,2.86507254,
SHITOMASI,BRIEF,17,1919,0,9.2513,5.1834,1270,6.7168,10.96531637,10.43208194,,0.53323443,
,,,,,,,,,,,,0,
SHITOMASI,ORB,0,1723,0,8.8114,3.5549,0,0,0,0,,0,
SHITOMASI,ORB,1,1759,0,8.5377,4.808,1053,6.7734,12.26714837,13.01818814,,0.75103977,1.541727241
SHITOMASI,ORB,2,1820,0,9.1272,3.4113,1070,6.0969,13.34448197,14.52801428,,1.18353231,
SHITOMASI,ORB,3,1850,0,9.0737,3.9114,1116,8.3414,16.61570144,12.1,,4.51570144,
SHITOMASI,ORB,4,1828,0,9.3894,3.5154,1082,7.3127,13.98667226,12.26131957,,1.72535269,
SHITOMASI,ORB,5,1806,0,8.878,3.9088,1080,7.0664,12.54579096,12.13679038,,0.40900058,
SHITOMASI,ORB,6,1877,0,9.4055,3.93,1042,5.5875,13.63923707,13.7364087,,0.09717163,
SHITOMASI,ORB,7,1894,0,9.1618,3.2706,1059,5.8746,13.90812641,13.8061552,,0.10197121,
SHITOMASI,ORB,8,1889,0,9.3446,3.5221,1085,6.8727,13.95797539,11.9888949,,1.96908049,
SHITOMASI,ORB,9,1917,0,9.4605,3.5714,1072,7.5877,11.97481124,11.87030309,,0.10450815,
SHITOMASI,ORB,10,1874,0,8.2172,3.7424,1050,6.5916,11.99635538,13.04687468,,1.0505193,
SHITOMASI,ORB,11,1912,0,9.2642,3.5012,1049,6.466,11.86344607,11.19854318,,0.66490289,
SHITOMASI,ORB,12,1930,0,9.5709,3.5582,1099,7.1751,9.88397122,12.13118005,,2.24720883,
SHITOMASI,ORB,13,1880,0,11.2921,4.0188,1108,8.7196,9.22065992,12.61441165,,3.39375173,
SHITOMASI,ORB,14,1886,0,10.4205,4.0433,1099,8.7378,9.60303309,12.13649013,,2.53345704,
SHITOMASI,ORB,15,1957,0,29.191,11.0246,1102,20.4719,8.29712801,10.8191653,,2.52203729,
SHITOMASI,ORB,16,1888,0,11.7025,5.3371,1135,10.8679,8.94383484,10.73735686,,1.79352202,
SHITOMASI,ORB,17,1919,0,12.6384,5.068,1165,11.1197,10.96531637,12.1119221,,1.14660573,
,,,,,,,,,,,,0,
SHITOMASI,FREAK,0,1723,0,10.7078,38.5552,0,0,0,0,,0,
SHITOMASI,FREAK,1,1759,0,10.6215,48.6009,812,15.5406,12.26714837,13.34047156,,1.07332319,1.548316331
SHITOMASI,FREAK,2,1820,0,13.3186,56.0193,814,10.4877,13.34448197,12.41946776,,0.92501421,
SHITOMASI,FREAK,3,1850,0,13.7828,54.8457,878,10.3778,16.61570144,12.26365944,,4.352042,
SHITOMASI,FREAK,4,1828,0,11.605,48.7203,851,10.8229,13.98667226,13.28082512,,0.70584714,
SHITOMASI,FREAK,5,1806,0,29.6916,95.8396,874,35.8104,12.54579096,11.90719002,,0.63860094,
SHITOMASI,FREAK,6,1877,0,28.1307,63.3376,845,11.8588,13.63923707,14.45679631,,0.81755924,
SHITOMASI,FREAK,7,1894,0,30.326,65.7088,831,9.3808,13.90812641,13.31839242,,0.58973399,
SHITOMASI,FREAK,8,1889,0,9.1822,41.5428,870,13.0733,13.95797539,11.34419683,,2.61377856,
SHITOMASI,FREAK,9,1917,0,17.7999,63.1117,863,13.8563,11.97481124,11.64206086,,0.33275038,
SHITOMASI,FREAK,10,1874,0,11.1458,38.9868,860,9.1601,11.99635538,12.26131957,,0.26496419,
SHITOMASI,FREAK,11,1912,0,12.0044,52.1663,861,16.0751,11.86344607,12.15317675,,0.28973068,
SHITOMASI,FREAK,12,1930,0,9.6757,42.1016,885,9.2673,9.88397122,11.73905348,,1.85508226,
SHITOMASI,FREAK,13,1880,0,9.0707,44.2379,879,12.2775,9.22065992,13.40992126,,4.18926134,
SHITOMASI,FREAK,14,1886,0,9.2178,43.0647,886,10.5123,9.60303309,11.88132472,,2.27829163,
SHITOMASI,FREAK,15,1957,0,9.9085,39.2714,892,9.1753,8.29712801,10.81112248,,2.51399447,
SHITOMASI,FREAK,16,1888,0,9.0861,45.2671,899,9.7935,8.94383484,10.55071655,,1.60688171,
SHITOMASI,FREAK,17,1919,0,9.98,38.1911,949,10.6691,10.96531637,12.23983807,,1.2745217,
,,,,,,,,,,,,0,
SHITOMASI,AKAZE,0,0,0,0,0,0,0,0,0,,0,
SHITOMASI,AKAZE,1,0,0,0,0,0,0,0,0,,0,
SHITOMASI,AKAZE,2,0,0,0,0,0,0,0,0,,0,
SHITOMASI,AKAZE,3,0,0,0,0,0,0,0,0,,0,
SHITOMASI,AKAZE,4,0,0,0,0,0,0,0,0,,0,
SHITOMASI,AKAZE,5,0,0,0,0,0,0,0,0,,0,
SHITOMASI,AKAZE,6,0,0,0,0,0,0,0,0,,0,
SHITOMASI,AKAZE,7,0,0,0,0,0,0,0,0,,0,
SHITOMASI,AKAZE,8,0,0,0,0,0,0,0,0,,0,
SHITOMASI,AKAZE,9,0,0,0,0,0,0,0,0,,0,
SHITOMASI,AKAZE,10,0,0,0,0,0,0,0,0,,0,
SHITOMASI,AKAZE,11,0,0,0,0,0,0,0,0,,0,
SHITOMASI,AKAZE,12,0,0,0,0,0,0,0,0,,0,
SHITOMASI,AKAZE,13,0,0,0,0,0,0,0,0,,0,
SHITOMASI,AKAZE,14,0,0,0,0,0,0,0,0,,0,
SHITOMASI,AKAZE,15,0,0,0,0,0,0,0,0,,0,
SHITOMASI,AKAZE,16,0,0,0,0,0,0,0,0,,0,
SHITOMASI,AKAZE,17,0,0,0,0,0,0,0,0,,0,
,,,,,,,,,,,,0,
SHITOMASI,SIFT,0,1723,0,9.7492,31.6668,0,0,0,0,,0,
SHITOMASI,SIFT,1,1759,0,9.4067,31.7416,1260,19.2153,12.26714837,12.79752325,,0.53037488,1.458070061
SHITOMASI,SIFT,2,1820,0,8.6232,32.364,1257,22.4563,13.34448197,12.6706368,,0.67384517,
SHITOMASI,SIFT,3,1850,0,10.3908,24.4047,1321,18.8238,16.61570144,12.00864435,,4.60705709,
SHITOMASI,SIFT,4,1828,0,11.2395,36.0059,1344,23.1296,13.98667226,12.26131957,,1.72535269,
SHITOMASI,SIFT,5,1806,0,10.1339,25.8209,1324,18.7044,12.54579096,11.92129955,,0.62449141,
SHITOMASI,SIFT,6,1877,0,9.0237,31.0631,1287,18.9898,13.63923707,12.88821681,,0.75102026,
SHITOMASI,SIFT,7,1894,0,9.4642,21.2831,1310,18.2522,13.90812641,12.92512113,,0.98300528,
SHITOMASI,SIFT,8,1889,0,9.5137,25.847,1337,21.4738,13.95797539,11.83517778,,2.12279761,
SHITOMASI,SIFT,9,1917,0,10.3733,27.262,1334,20.7936,11.97481124,11.70219112,,0.27262012,
SHITOMASI,SIFT,10,1874,0,11.2365,42.7366,1324,22.3694,11.99635538,12.73760938,,0.741254,
SHITOMASI,SIFT,11,1912,0,9.8987,24.1902,1299,22.0526,11.86344607,11.42377314,,0.43967293,
SHITOMASI,SIFT,12,1930,0,10.7277,25.3477,1356,20.7315,9.88397122,11.61177657,,1.72780535,
SHITOMASI,SIFT,13,1880,0,10.5855,26.2825,1371,19.7313,9.22065992,12.8561304,,3.63547048,
SHITOMASI,SIFT,14,1886,0,8.7137,33.9226,1359,20.3641,9.60303309,11.21822116,,1.61518807,
SHITOMASI,SIFT,15,1957,0,8.7,24.7511,1400,19.1762,8.29712801,10.43881638,,2.14168837,
SHITOMASI,SIFT,16,1888,0,11.5374,22.7567,1425,20.0521,8.94383484,10.4497619,,1.50592706,
SHITOMASI,SIFT,17,1919,0,13.1199,36.7458,1442,28.216,10.96531637,11.65493663,,0.68962026,
,,,,,,,,,,,,0,
FAST,BRISK,0,1864,0,1.2413,18.1928,0,0,0,0,,0,
FAST,BRISK,1,1898,0,1.0225,17.9343,1023,13.0164,12.26714837,13.24183299,,0.97468462,2.1431962
FAST,BRISK,2,1865,0,1.2349,18.113,994,13.7916,13.34448197,11.93806692,,1.40641505,
FAST,BRISK,3,1840,0,1.4968,24.1086,962,19.0918,16.61570144,12.75691776,,3.85878368,
FAST,BRISK,4,1867,0,1.1612,14.5471,960,11.9268,13.98667226,12.6839269,,1.30274536,
FAST,BRISK,5,1876,0,1.0432,14.3842,1016,8.8026,12.54579096,11.85062326,,0.6951677,
FAST,BRISK,6,1843,0,0.959,14.4644,969,9.7695,13.63923707,12.04043152,,1.59880555,
FAST,BRISK,7,1829,0,0.9911,14.6613,917,8.9086,13.90812641,11.45875138,,2.44937503,
FAST,BRISK,8,1843,0,1.0063,16.8929,925,9.1244,13.95797539,11.57513057,,2.38284482,
FAST,BRISK,9,1818,0,1.0102,13.5976,927,8.5134,11.97481124,12.06665866,,0.09184742,
FAST,BRISK,10,1879,0,0.9805,16.4779,956,9.2368,11.99635538,11.39058865,,0.60576673,
FAST,BRISK,11,1849,0,1.1155,14.847,954,8.7392,11.86344607,12.38367648,,0.52023041,
FAST,BRISK,12,1826,0,1.006,15.8932,965,9.4501,9.88397122,12.61264842,,2.7286772,
FAST,BRISK,13,1842,0,1.0902,19.0191,966,8.5239,9.22065992,12.77069053,,3.55003061,
FAST,BRISK,14,1833,0,1.1143,14.5042,998,10.1742,9.60303309,12.30502778,,2.70199469,
FAST,BRISK,15,1921,0,1.0269,15.3592,1004,9.278,8.29712801,12.61353007,,4.31640206,
FAST,BRISK,16,1934,0,1.0262,15.3435,1037,10.0902,8.94383484,12.19959015,,3.25575531,
FAST,BRISK,17,1946,0,1.4117,19.7213,1095,10.9632,10.96531637,6.97050721,,3.99480916,
,,,,,,,,,,,,0,
FAST,BRIEF,0,1864,0,0.9348,11.6261,0,0,0,0,,0,
FAST,BRIEF,1,1898,0,1.054,5.9618,1305,10.7107,12.26714837,10.39335036,,1.87379801,
FAST,BRIEF,2,1865,0,0.9526,5.7748,1333,9.1257,13.34448197,12.42841601,,0.91606596,
FAST,BRIEF,3,1840,0,0.9562,6.084,1308,9.4153,16.61570144,12.7887611,,3.82694034,
FAST,BRIEF,4,1867,0,1.028,6.0651,1252,9.5241,13.98667226,12.6631908,,1.32348146,
FAST,BRIEF,5,1876,0,0.9724,5.3268,1284,8.6286,12.54579096,16.22879379,,3.68300283,
FAST,BRIEF,6,1843,0,0.9927,7.3728,1274,9.7187,13.63923707,12.18230591,,1.45693116,
FAST,BRIEF,7,1829,0,1.1935,6.3659,1242,9.8661,13.90812641,10.97363108,,2.93449533,
FAST,BRIEF,8,1843,0,1.1628,6.671,1237,10.2828,13.95797539,12.25224576,,1.70572963,
FAST,BRIEF,9,1818,0,1.1614,6.3449,1277,7.8671,11.97481124,13.19617142,,1.22136018,
FAST,BRIEF,10,1879,0,1.1992,6.1707,1237,10.914,11.99635538,12.10329224,,0.10693686,
FAST,BRIEF,11,1849,0,1.7056,10.9717,1252,9.6984,11.86344607,13.78754827,,1.9241022,
FAST,BRIEF,12,1826,0,1.2232,8.7424,1275,9.4424,9.88397122,12.42583648,,2.54186526,
FAST,BRIEF,13,1842,0,1.2215,6.7822,1246,8.1034,9.22065992,12.57968253,,3.35902261,
FAST,BRIEF,14,1833,0,2.5943,9.9143,1265,8.5141,9.60303309,10.85952694,,1.25649385,
FAST,BRIEF,15,1921,0,1.0349,7.3328,1238,6.8761,8.29712801,12.41946776,,4.12233975,
FAST,BRIEF,16,1934,0,1.1508,10.1094,1297,10.5091,8.94383484,11.8411616,,2.89732676,
FAST,BRIEF,17,1946,0,1.2362,6.7003,1348,11.3722,10.96531637,10.6211943,,0.34412207,
,,,,,,,,,,,,0,
FAST,ORB,0,1864,0,1.0342,4.5592,0,0,0,0,,0,
FAST,ORB,1,1898,0,1.0051,4.225,1220,9.5563,12.26714837,11.68583848,,0.58130989,2.009340071
FAST,ORB,2,1865,0,1.0607,4.3241,1234,7.9607,13.34448197,12.65058441,,0.69389756,
FAST,ORB,3,1840,0,1.1189,4.0904,1238,9.1345,16.61570144,13.01818814,,3.5975133,
FAST,ORB,4,1867,0,1.3159,4.0474,1188,6.418,13.98667226,12.49836044,,1.48831182,
FAST,ORB,5,1876,0,1.2688,3.5497,1232,6.4772,12.54579096,13.75332083,,1.20752987,
FAST,ORB,6,1843,0,0.9392,3.9407,1193,6.7416,13.63923707,12.60540733,,1.03382974,
FAST,ORB,7,1829,0,1.3666,4.3649,1141,7.0808,13.90812641,11.44879736,,2.45932905,
FAST,ORB,8,1843,0,1.0639,3.7279,1167,7.4552,13.95797539,11.45239783,,2.50557756,
FAST,ORB,9,1818,0,1.3051,4.0983,1171,6.6048,11.97481124,12.02050418,,0.04569294,
FAST,ORB,10,1879,0,1.022,3.6194,1142,7.7828,11.99635538,12.68418437,,0.68782899,
FAST,ORB,11,1849,0,0.9864,3.4071,1160,7.8104,11.86344607,12.58326553,,0.71981946,
FAST,ORB,12,1826,0,0.9739,3.5127,1188,8.3176,9.88397122,12.82036416,,2.93639294,
FAST,ORB,13,1842,0,1.022,3.8285,1157,6.3254,9.22065992,12.807004,,3.58634408,
FAST,ORB,14,1833,0,0.9842,3.2355,1162,6.8778,9.60303309,12.5009636,,2.89793051,
FAST,ORB,15,1921,0,1.0762,3.4904,1172,7.3815,8.29712801,11.8620172,,3.56488919,
FAST,ORB,16,1934,0,1.0207,3.6793,1244,7.5618,8.94383484,12.62247353,,3.67863869,
FAST,ORB,17,1946,0,1.1064,3.6271,1243,7.6982,10.96531637,8.49137075,,2.47394562,
,,,,,,,,,,,,0,
FAST,FREAK,0,1864,0,0.9873,36.7807,0,0,0,0,,0,
FAST,FREAK,1,1898,0,1.012,37.7789,959,8.0105,12.26714837,11.93012605,,0.33702232,1.89044724
FAST,FREAK,2,1865,0,0.9916,41.1781,950,10.8339,13.34448197,12.58668048,,0.75780149,
FAST,FREAK,3,1840,0,0.9717,37.6491,944,9.1285,16.61570144,13.98111953,,2.63458191,
FAST,FREAK,4,1867,0,0.9773,37.7912,889,11.894,13.98667226,13.18179487,,0.80487739,
FAST,FREAK,5,1876,0,1.1816,37.9259,969,9.5792,12.54579096,11.96019184,,0.58559912,
FAST,FREAK,6,1843,0,1.2851,37.5122,917,8.417,13.63923707,12.00864435,,1.63059272,
FAST,FREAK,7,1829,0,0.9832,36.9405,886,8.0125,13.90812641,10.85952694,,3.04859947,
FAST,FREAK,8,1843,0,0.9892,42.6373,883,10.022,13.95797539,12.3770346,,1.58094079,
FAST,FREAK,9,1818,0,1.043,35.946,865,7.4174,11.97481124,12.71383575,,0.73902451,
FAST,FREAK,10,1879,0,0.9788,36.9025,897,8.045,11.99635538,14.1030915,,2.10673612,
FAST,FREAK,11,1849,0,0.9856,36.2737,930,8.3552,11.86344607,13.50114504,,1.63769897,
FAST,FREAK,12,1826,0,0.9696,43.8642,898,9.8753,9.88397122,12.55950638,,2.67553516,
FAST,FREAK,13,1842,0,0.9954,39.6863,923,9.3887,9.22065992,12.64769059,,3.42703067,
FAST,FREAK,14,1833,0,0.9479,37.5158,952,8.1696,9.60303309,11.9190552,,2.31602211,
FAST,FREAK,15,1921,0,1.0271,38.1464,930,13.1052,8.29712801,12.49469867,,4.19757066,
FAST,FREAK,16,1934,0,1.1083,44.3337,957,12.2774,8.94383484,11.99092075,,3.04708591,
FAST,FREAK,17,1946,0,1.0168,40.2257,1011,10.2832,10.96531637,10.35443261,,0.61088376,
,,,,,,,,,,,,0,
FAST,AKAZE,0,0,0,0,0,0,0,0,0,,0,
FAST,AKAZE,1,0,0,0,0,0,0,0,0,,0,
FAST,AKAZE,2,0,0,0,0,0,0,0,0,,0,
FAST,AKAZE,3,0,0,0,0,0,0,0,0,,0,
FAST,AKAZE,4,0,0,0,0,0,0,0,0,,0,
FAST,AKAZE,5,0,0,0,0,0,0,0,0,,0,
FAST,AKAZE,6,0,0,0,0,0,0,0,0,,0,
FAST,AKAZE,7,0,0,0,0,0,0,0,0,,0,
FAST,AKAZE,8,0,0,0,0,0,0,0,0,,0,
FAST,AKAZE,9,0,0,0,0,0,0,0,0,,0,
FAST,AKAZE,10,0,0,0,0,0,0,0,0,,0,
FAST,AKAZE,11,0,0,0,0,0,0,0,0,,0,
FAST,AKAZE,12,0,0,0,0,0,0,0,0,,0,
FAST,AKAZE,13,0,0,0,0,0,0,0,0,,0,
FAST,AKAZE,14,0,0,0,0,0,0,0,0,,0,
FAST,AKAZE,15,0,0,0,0,0,0,0,0,,0,
FAST,AKAZE,16,0,0,0,0,0,0,0,0,,0,
FAST,AKAZE,17,0,0,0,0,0,0,0,0,,0,
,,,,,,,,,,,,0,
FAST,SIFT,0,1864,0,1.0003,31.0876,0,0,0,0,,0,
FAST,SIFT,1,1898,0,1.0647,36.6312,1424,21.6791,12.26714837,11.78184612,,0.48530225,1.695758078
FAST,SIFT,2,1865,0,0.9659,29.2522,1446,19.1207,13.34448197,12.67905261,,0.66542936,
FAST,SIFT,3,1840,0,0.9321,29.1704,1383,16.2104,16.61570144,13.05534283,,3.56035861,
FAST,SIFT,4,1867,0,0.9619,38.9995,1389,17.6438,13.98667226,13.6611537,,0.32551856,
FAST,SIFT,5,1876,0,0.9663,32.1304,1449,17.8074,12.54579096,13.24825559,,0.70246463,
FAST,SIFT,6,1843,0,0.9516,36.9587,1425,19.8049,13.63923707,12.55857871,,1.08065836,
FAST,SIFT,7,1829,0,1.0387,30.8016,1377,17.273,13.90812641,11.8620172,,2.04610921,
FAST,SIFT,8,1843,0,1.0136,35.4155,1345,24.4308,13.95797539,12.17888298,,1.77909241,
FAST,SIFT,9,1818,0,0.9947,30.341,1385,17.2269,11.97481124,14.24401597,,2.26920473,
FAST,SIFT,10,1879,0,1.0238,35.1992,1392,19.4079,11.99635538,13.55977941,,1.56342403,
FAST,SIFT,11,1849,0,1.1212,34.0583,1350,20.0349,11.86344607,12.62389181,,0.76044574,
FAST,SIFT,12,1826,0,1.0257,30.1789,1368,17.2821,9.88397122,12.37254553,,2.48857431,
FAST,SIFT,13,1842,0,0.9649,29.618,1368,16.7311,9.22065992,12.79490341,,3.57424349,
FAST,SIFT,14,1833,0,0.9917,30.4516,1386,15.9323,9.60303309,11.78515994,,2.18212685,
FAST,SIFT,15,1921,0,1.1026,34.1803,1386,19.2591,8.29712801,10.81824288,,2.52111487,
FAST,SIFT,16,1934,0,1.0387,31.1737,1446,18.7991,8.94383484,11.76765476,,2.82381992,
FAST,SIFT,17,1946,0,0.9773,32.4954,1445,17.7734,0,0,,0,
,,,,,,,,,,,,0,
BRISK,BRISK,0,2896,0,31.3006,22.6696,0,0,0,0,,0,
BRISK,BRISK,1,3000,0,34.0547,23.8842,1578,22.9011,12.26714837,13.04720237,,0.780054,3.195657331
BRISK,BRISK,2,2974,0,32.265,23.9199,1631,26.2929,13.34448197,21.73569119,,8.39120922,
BRISK,BRISK,3,2953,0,31.7619,23.1786,1589,26.6693,16.61570144,14.17984849,,2.43585295,
BRISK,BRISK,4,2855,0,31.0302,22.6561,1510,23.1681,13.98667226,15.07530943,,1.08863717,
BRISK,BRISK,5,2906,0,40.3354,22.3283,1497,21.5051,12.54579096,33.69703354,,21.15124258,
BRISK,BRISK,6,2886,0,32.4632,22.9601,1525,24.5461,13.63923707,16.93104295,,3.29180588,
BRISK,BRISK,7,2886,0,32.7423,22.7242,1500,23.1668,13.90812641,14.60132853,,0.69320212,
BRISK,BRISK,8,2893,0,33.4243,22.8383,1494,21.0522,13.95797539,14.19895648,,0.24098109,
BRISK,BRISK,9,2930,0,35.0691,28.2361,1529,31.7973,11.97481124,11.63182738,,0.34298386,
BRISK,BRISK,10,3022,0,34.8755,24.3679,1497,25.1956,11.99635538,11.48963507,,0.50672031,
BRISK,BRISK,11,3013,0,33.3234,23.4914,1564,25.4945,11.86344607,12.90019653,,1.03675046,
BRISK,BRISK,12,2949,0,32.9024,23.0196,1562,25.0727,9.88397122,11.97659189,,2.09262067,
BRISK,BRISK,13,3012,0,33.2967,23.2543,1553,22.4602,9.22065992,10.89765191,,1.67699199,
BRISK,BRISK,14,3026,0,33.8658,23.7663,1588,23.9944,9.60303309,13.58919212,,3.98615903,
BRISK,BRISK,15,3074,0,35.6521,27.6061,1682,23.5994,8.29712801,11.37447721,,3.0773492,
BRISK,BRISK,16,3131,0,34.418,24.215,1687,23.6781,8.94383484,11.62076563,,2.67693079,
BRISK,BRISK,17,3135,0,43.0044,33.0344,1682,30.7972,10.96531637,10.10863307,,0.8566833,
,,,,,,,,,,,,0,
BRISK,BRIEF,0,2896,0,34.0102,8.2321,0,0,0,0,,0,
BRISK,BRIEF,1,3000,0,34.6086,10.6618,1702,21.0157,12.26714837,10.96348942,,1.30365895,2.970921477
BRISK,BRIEF,2,2974,0,34.1521,8.3701,1777,22.0507,13.34448197,15.07603735,,1.73155538,
BRISK,BRIEF,3,2953,0,31.9217,9.9683,1805,20.8126,16.61570144,10.81633291,,5.79936853,
BRISK,BRIEF,4,2855,0,31.5248,7.8083,1705,19.3253,13.98667226,22.77334744,,8.78667518,
BRISK,BRIEF,5,2906,0,33.4006,9.4848,1715,23.6355,12.54579096,18.60348687,,6.05769591,
BRISK,BRIEF,6,2886,0,33.0241,8.9409,1747,22.7699,13.63923707,16.34455426,,2.70531719,
BRISK,BRIEF,7,2886,0,35.5616,11.1419,1678,20.7883,13.90812641,14.32120476,,0.41307835,
BRISK,BRIEF,8,2893,0,32.9162,8.5355,1675,19.8448,13.95797539,18.33852993,,4.38055454,
BRISK,BRIEF,9,2930,0,33.2981,8.544,1737,19.0906,11.97481124,14.46728983,,2.49247859,
BRISK,BRIEF,10,3022,0,34.4249,8.9079,1708,22.525,11.99635538,9.81455211,,2.18180327,
BRISK,BRIEF,11,3013,0,41.4652,8.6755,1741,23.1982,11.86344607,14.66262544,,2.79917937,
BRISK,BRIEF,12,2949,0,38.0488,14.4348,1742,30.7342,9.88397122,12.40200809,,2.51803687,
BRISK,BRIEF,13,3012,0,35.8086,10.9176,1721,24.9011,9.22065992,11.42691373,,2.20625381,
BRISK,BRIEF,14,3026,0,40.9458,9.2291,1764,23.9297,9.60303309,10.83096057,,1.22792748,
BRISK,BRIEF,15,3074,0,35.468,8.9643,1850,22.6153,8.29712801,10.47515964,,2.17803163,
BRISK,BRIEF,16,3131,0,35.8032,8.681,1838,21.7713,8.94383484,12.12555531,,3.18172047,
BRISK,BRIEF,17,3135,0,36.4571,10.9505,1908,25.4687,10.96531637,10.42298678,,0.54232959,
,,,,,,,,,,,,0,
BRISK,ORB,0,2896,0,36.4578,8.0125,0,0,0,0,,0,
BRISK,ORB,1,3000,0,33.0352,8.5418,1480,21.5512,12.26714837,12.49318809,,0.22603972,2.778444165
BRISK,ORB,2,2974,0,37.2234,8.0941,1523,21.6122,13.34448197,20.31187487,,6.9673929,
BRISK,ORB,3,2953,0,33.5618,7.8942,1517,22.2235,16.61570144,13.20504483,,3.41065661,
BRISK,ORB,4,2855,0,31.1049,7.9524,1436,19.452,13.98667226,13.79199846,,0.1946738,
BRISK,ORB,5,2906,0,32.7776,9.273,1422,19.0348,12.54579096,20.20764076,,7.6618498,
BRISK,ORB,6,2886,0,32.8601,8.8822,1436,20.2124,13.63923707,19.92543085,,6.28619378,
BRISK,ORB,7,2886,0,34.0905,8.935,1415,22.5078,13.90812641,14.44183557,,0.53370916,
BRISK,ORB,8,2893,0,36.679,8.7802,1431,20.5769,13.95797539,16.01544494,,2.05746955,
BRISK,ORB,9,2930,0,32.4149,7.4259,1440,19.6089,11.97481124,14.9057707,,2.93095946,
BRISK,ORB,10,3022,0,34.4964,8.6556,1463,20.3563,11.99635538,10.66050907,,1.33584631,
BRISK,ORB,11,3013,0,35.7493,7.7409,1456,20.8553,11.86344607,13.29789168,,1.43444561,
BRISK,ORB,12,2949,0,33.1583,8.0122,1481,20.6897,9.88397122,11.88749648,,2.00352526,
BRISK,ORB,13,3012,0,33.1484,8.1361,1479,18.8552,9.22065992,12.1597438,,2.93908388,
BRISK,ORB,14,3026,0,34.062,8.4229,1536,20.7458,9.60303309,13.49227046,,3.88923737,
BRISK,ORB,15,3074,0,36.8902,9.3131,1557,25.3563,8.29712801,10.83593003,,2.53880202,
BRISK,ORB,16,3131,0,40.3696,8.1538,1554,22.7356,8.94383484,11.76750042,,2.82366558,
BRISK,ORB,17,3135,0,35.124,7.9793,1590,25.0536,0,0,,0,
,,,,,,,,,,,,0,
BRISK,FREAK,0,2896,0,33.4748,40.3549,0,0,0,0,,0,
BRISK,FREAK,1,3000,0,32.52,45.1436,1396,20.0251,12.26714837,11.61207058,,0.65507779,2.917937173
BRISK,FREAK,2,2974,0,32.0749,40.337,1470,17.3049,13.34448197,24.64643197,,11.30195,
BRISK,FREAK,3,2953,0,33.287,45.3934,1477,16.2455,16.61570144,11.32361924,,5.2920822,
BRISK,FREAK,4,2855,0,32.397,44.3764,1428,19.3061,13.98667226,15.67009382,,1.68342156,
BRISK,FREAK,5,2906,0,32.5985,40.8595,1391,16.1711,12.54579096,16.96757049,,4.42177953,
BRISK,FREAK,6,2886,0,32.1145,41.8992,1388,17.1199,13.63923707,15.5981797,,1.95894263,
BRISK,FREAK,7,2886,0,32.1837,40.0946,1364,16.0885,13.90812641,13.41665913,,0.49146728,
BRISK,FREAK,8,2893,0,32.3468,40.2821,1368,16.2087,13.95797539,14.49012614,,0.53215075,
BRISK,FREAK,9,2930,0,36.3022,41.3468,1382,16.5244,11.97481124,17.66941623,,5.69460499,
BRISK,FREAK,10,3022,0,33.347,40.4007,1370,16.5674,11.99635538,12.35739468,,0.3610393,
BRISK,FREAK,11,3013,0,32.9255,43.5256,1412,19.2713,11.86344607,14.15011406,,2.28666799,
BRISK,FREAK,12,2949,0,32.889,39.619,1382,15.1976,9.88397122,11.15359377,,1.26962255,
BRISK,FREAK,13,3012,0,33.3168,41.2377,1355,17.0123,9.22065992,12.33408368,,3.11342376,
BRISK,FREAK,14,3026,0,33.889,45.8785,1376,19.6172,9.60303309,10.97812785,,1.37509476,
BRISK,FREAK,15,3074,0,33.9085,41.6384,1475,16.34,8.29712801,13.37094207,,5.07381406,
BRISK,FREAK,16,3131,0,35.092,41.246,1465,21.0588,8.94383484,11.56589313,,2.62205829,
BRISK,FREAK,17,3135,0,35.0599,41.3247,1544,22.5094,10.96531637,9.49358187,,1.4717345,
,,,,,,,,,,,,0,
BRISK,AKAZE,0,0,0,0,0,0,0,0,0,,0,
BRISK,AKAZE,1,0,0,0,0,0,0,0,0,,0,
BRISK,AKAZE,2,0,0,0,0,0,0,0,0,,0,
BRISK,AKAZE,3,0,0,0,0,0,0,0,0,,0,
BRISK,AKAZE,4,0,0,0,0,0,0,0,0,,0,
BRISK,AKAZE,5,0,0,0,0,0,0,0,0,,0,
BRISK,AKAZE,6,0,0,0,0,0,0,0,0,,0,
BRISK,AKAZE,7,0,0,0,0,0,0,0,0,,0,
BRISK,AKAZE,8,0,0,0,0,0,0,0,0,,0,
BRISK,AKAZE,9,0,0,0,0,0,0,0,0,,0,
BRISK,AKAZE,10,0,0,0,0,0,0,0,0,,0,
BRISK,AKAZE,11,0,0,0,0,0,0,0,0,,0,
BRISK,AKAZE,12,0,0,0,0,0,0,0,0,,0,
BRISK,AKAZE,13,0,0,0,0,0,0,0,0,,0,
BRISK,AKAZE,14,0,0,0,0,0,0,0,0,,0,
BRISK,AKAZE,15,0,0,0,0,0,0,0,0,,0,
BRISK,AKAZE,16,0,0,0,0,0,0,0,0,,0,
BRISK,AKAZE,17,0,0,0,0,0,0,0,0,,0,
,,,,,,,,,,,,0,
BRISK,SIFT,0,2896,0,31.8222,84.7093,0,0,0,0,,0,
BRISK,SIFT,1,3000,0,32.1724,86.8058,1740,43.4161,12.26714837,13.80796161,,1.54081324,2.993165921
BRISK,SIFT,2,2974,0,31.6534,81.5646,1774,38.1305,13.34448197,18.93055025,,5.58606828,
BRISK,SIFT,3,2953,0,32.2966,86.5687,1780,41.1968,16.61570144,14.47210425,,2.14359719,
BRISK,SIFT,4,2855,0,32.7976,77.3213,1756,35.8217,13.98667226,15.19424349,,1.20757123,
BRISK,SIFT,5,2906,0,37.7331,88.2876,1718,40.7923,12.54579096,27.96926996,,15.423479,
BRISK,SIFT,6,2886,0,31.7988,81.7631,1704,38.2793,13.63923707,17.44753872,,3.80830165,
BRISK,SIFT,7,2886,0,32.3663,81.3438,1698,38.7441,13.90812641,14.97511573,,1.06698932,
BRISK,SIFT,8,2893,0,36.3505,88.8979,1669,37.5626,13.95797539,17.37591043,,3.41793504,
BRISK,SIFT,9,2930,0,32.81,84.4125,1682,39.631,11.97481124,14.92162943,,2.94681819,
BRISK,SIFT,10,3022,0,33.4124,82.9917,1712,38.0637,11.99635538,12.14808143,,0.15172605,
BRISK,SIFT,11,3013,0,33.1912,82.4058,1751,42.2141,11.86344607,11.53429948,,0.32914659,
BRISK,SIFT,12,2949,0,33.9944,89.175,1716,41.9251,9.88397122,11.62648064,,1.74250942,
BRISK,SIFT,13,3012,0,33.33,86.0642,1773,41.7579,9.22065992,11.1723169,,1.95165698,
BRISK,SIFT,14,3026,0,33.2499,80.1527,1715,43.0493,9.60303309,10.82468845,,1.22165536,
BRISK,SIFT,15,3074,0,33.833,78.7896,1801,42.9594,8.29712801,10.86807094,,2.57094293,
BRISK,SIFT,16,3131,0,35.2277,89.5548,1820,45.5039,8.94383484,13.88650006,,4.94266522,
BRISK,SIFT,17,3135,0,42.8625,84.3318,1872,41.9588,10.96531637,10.13337141,,0.83194496,
,,,,,,,,,,,,0,
AKAZE,BRISK,0,1513,0,69.0162,12.2895,0,0,0,0,,0,
AKAZE,BRISK,1,1541,0,52.3817,12.3589,973,7.5487,12.26714837,11.88048472,,0.38666365,1.115859862
AKAZE,BRISK,2,1529,0,37.8103,12.4851,965,6.9618,13.34448197,12.39593486,,0.94854711,
AKAZE,BRISK,3,1561,0,49.6319,13.6415,988,11.5887,16.61570144,13.04125814,,3.5744433,
AKAZE,BRISK,4,1545,0,40.8307,14.689,975,9.7224,13.98667226,13.81611706,,0.1705552,
AKAZE,BRISK,5,1526,0,42.9125,12.5323,972,6.8956,12.54579096,13.82593252,,1.28014156,
AKAZE,BRISK,6,1566,0,41.913,15.3729,1003,8.3846,13.63923707,12.67630362,,0.96293345,
AKAZE,BRISK,7,1529,0,49.5355,12.8699,1010,7.122,13.90812641,16.58746925,,2.67934284,
AKAZE,BRISK,8,1547,0,38.6156,12.0612,994,6.0951,13.95797539,13.98760833,,0.02963294,
AKAZE,BRISK,9,1572,0,36.213,11.9238,1007,6.5824,11.97481124,13.94925384,,1.9744426,
AKAZE,BRISK,10,1567,0,39.0781,12.445,1008,7.6869,11.99635538,12.05973944,,0.06338406,
AKAZE,BRISK,11,1538,0,48.1391,17.7692,987,8.7647,11.86344607,12.71948623,,0.85604016,
AKAZE,BRISK,12,1513,0,45.5248,12.3889,979,7.1919,9.88397122,10.39241568,,0.50844446,
AKAZE,BRISK,13,1538,0,40.1982,11.978,986,6.6211,9.22065992,10.19492478,,0.97426486,
AKAZE,BRISK,14,1555,0,40.3575,12.698,1028,6.9835,9.60303309,9.61153163,,0.00849854,
AKAZE,BRISK,15,1544,0,39.9572,14.7347,1060,7.816,8.29712801,9.66398312,,1.36685511,
AKAZE,BRISK,16,1563,0,43.6117,14.0113,1040,8.4545,8.94383484,9.66529751,,0.72146267,
AKAZE,BRISK,17,1561,0,42.2923,12.552,1103,7.2725,10.96531637,8.50135123,,2.46396514,
,,,,,,,,,,,,0,
AKAZE,BRIEF,0,1513,0,37.8732,5.8656,0,0,0,0,,0,
AKAZE,BRIEF,1,1541,0,43.6476,7.0044,1073,7.9097,12.26714837,11.98439565,,0.28275272,1.177540097
AKAZE,BRIEF,2,1529,0,41.9794,5.3467,1091,7.0496,13.34448197,13.15677286,,0.18770911,
AKAZE,BRIEF,3,1561,0,43.2517,7.4537,1109,10.8464,16.61570144,12.54001647,,4.07568497,
AKAZE,BRIEF,4,1545,0,38.8784,5.5311,1116,8.0132,13.98667226,12.78601966,,1.2006526,
AKAZE,BRIEF,5,1526,0,42.1134,8.5567,1102,9.8662,12.54579096,14.22259754,,1.67680658,
AKAZE,BRIEF,6,1566,0,47.3638,5.4276,1121,7.4443,13.63923707,12.63332097,,1.0059161,
AKAZE,BRIEF,7,1529,0,36.7105,5.4917,1082,7.3968,13.90812641,15.54513719,,1.63701078,
AKAZE,BRIEF,8,1547,0,43.6628,8.3144,1119,6.2194,13.95797539,14.05791298,,0.09993759,
AKAZE,BRIEF,9,1572,0,38.391,5.7663,1120,6.7866,11.97481124,11.83043339,,0.14437785,
AKAZE,BRIEF,10,1567,0,45.4902,9.5554,1107,5.5936,11.99635538,11.42614183,,0.57021355,
AKAZE,BRIEF,11,1538,0,36.6599,4.8482,1119,7.3776,11.86344607,12.51815148,,0.65470541,
AKAZE,BRIEF,12,1513,0,38.821,5.7773,1104,6.7209,9.88397122,10.70774836,,0.82377714,
AKAZE,BRIEF,13,1538,0,38.884,5.7458,1135,6.3606,9.22065992,11.61587228,,2.39521236,
AKAZE,BRIEF,14,1555,0,41.3026,7.2182,1165,6.1841,9.60303309,11.15685209,,1.553819,
AKAZE,BRIEF,15,1544,0,40.2236,5.0934,1170,6.7357,8.29712801,9.3700649,,1.07293689,
AKAZE,BRIEF,16,1563,0,42.4307,6.0927,1163,6.8704,8.94383484,9.45121102,,0.50737618,
AKAZE,BRIEF,17,1561,0,37.6903,4.6806,1191,6.3859,10.96531637,8.83602355,,2.12929282,
,,,,,,,,,,,,0,
AKAZE,ORB,0,1513,0,42.4982,4.9632,0,0,0,0,,0,
AKAZE,ORB,1,1541,0,43.8219,5.2323,924,6.0649,12.26714837,10.64614287,,1.6210055,1.244040262
AKAZE,ORB,2,1529,0,37.3355,5.1948,933,6.949,13.34448197,11.86305992,,1.48142205,
AKAZE,ORB,3,1561,0,40.8628,4.8531,958,7.1753,16.61570144,12.86887048,,3.74683096,
AKAZE,ORB,4,1545,0,40.9912,4.7709,944,6.2922,13.98667226,14.42199663,,0.43532437,
AKAZE,ORB,5,1526,0,41.462,6.5903,960,6.5686,12.54579096,13.02056537,,0.47477441,
AKAZE,ORB,6,1566,0,40.4147,5.1439,958,5.9423,13.63923707,12.7610514,,0.87818567,
AKAZE,ORB,7,1529,0,39.4037,4.7616,1001,6.2471,13.90812641,15.29420135,,1.38607494,
AKAZE,ORB,8,1547,0,41.1845,5.6006,990,6.0989,13.95797539,13.7070043,,0.25097109,
AKAZE,ORB,9,1572,0,38.9101,5.2614,968,7.4398,11.97481124,11.45728799,,0.51752325,
AKAZE,ORB,10,1567,0,48.5296,6.7518,1002,7.9274,11.99635538,11.42065294,,0.57570244,
AKAZE,ORB,11,1538,0,39.1595,5.0757,953,6.3996,11.86344607,12.62291843,,0.75947236,
AKAZE,ORB,12,1513,0,40.7361,5.3526,957,7.5127,9.88397122,11.21828437,,1.33431315,
AKAZE,ORB,13,1538,0,40.9205,5.5189,951,8.623,9.22065992,11.19293178,,1.97227186,
AKAZE,ORB,14,1555,0,40.6922,5.3965,1018,7.5797,9.60303309,10.42867496,,0.82564187,
AKAZE,ORB,15,1544,0,43.2281,5.6699,1021,7.1986,8.29712801,10.46445497,,2.16732696,
AKAZE,ORB,16,1563,0,39.0138,5.666,1015,7.4319,8.94383484,9.88818196,,0.94434712,
AKAZE,ORB,17,1561,0,54.9133,5.5515,1052,8.3349,10.96531637,9.18781992,,1.77749645,
,,,,,,,,,,,,0,
AKAZE,FREAK,0,1513,0,41.3656,42.7864,0,0,0,0,,0,
AKAZE,FREAK,1,1541,0,39.9614,35.8499,915,6.5822,12.26714837,11.52670577,,0.7404426,1.282792191
AKAZE,FREAK,2,1529,0,36.2184,36.8827,910,7.2283,13.34448197,12.02466584,,1.31981613,
AKAZE,FREAK,3,1561,0,39.0463,35.8432,969,6.5913,16.61570144,12.79966501,,3.81603643,
AKAZE,FREAK,4,1545,0,39.0024,40.004,935,7.6394,13.98667226,13.58331406,,0.4033582,
AKAZE,FREAK,5,1526,0,52.3637,42.4445,900,7.801,12.54579096,14.24511819,,1.69932723,
AKAZE,FREAK,6,1566,0,39.4517,41.6901,947,6.8677,13.63923707,14.19816722,,0.55893015,
AKAZE,FREAK,7,1529,0,40.3064,38.3102,984,6.8852,13.90812641,15.60193009,,1.69380368,
AKAZE,FREAK,8,1547,0,43.7381,44.1098,959,7.138,13.95797539,12.61820043,,1.33977496,
AKAZE,FREAK,9,1572,0,38.0656,36.4786,961,6.5133,11.97481124,14.47068478,,2.49587354,
AKAZE,FREAK,10,1567,0,40.9794,42.592,970,6.952,11.99635538,11.59131453,,0.40504085,
AKAZE,FREAK,11,1538,0,38.7229,35.436,935,6.5206,11.86344607,11.88959376,,0.02614769,
AKAZE,FREAK,12,1513,0,40.962,36.0548,961,7.2833,9.88397122,10.02503921,,0.14106799,
AKAZE,FREAK,13,1538,0,38.3161,36.6246,964,7.0231,9.22065992,10.67815281,,1.45749289,
AKAZE,FREAK,14,1555,0,39.7228,38.5329,1010,6.8636,9.60303309,10.75011913,,1.14708604,
AKAZE,FREAK,15,1544,0,38.2609,35.46,1028,6.9371,8.29712801,9.55138783,,1.25425982,
AKAZE,FREAK,16,1563,0,47.5552,42.4974,1011,8.7681,8.94383484,10.08205317,,1.13821833,
AKAZE,FREAK,17,1561,0,41.0598,45.1856,1027,8.3956,10.96531637,8.79452565,,2.17079072,
,,,,,,,,,,,,0,
AKAZE,AKAZE,0,1513,0,37.9546,39.3625,0,0,0,0,,0,
AKAZE,AKAZE,1,1541,0,39.0375,34.242,1103,9.1366,12.26714837,11.47235303,,0.79479534,1.459362841
AKAZE,AKAZE,2,1529,0,37.9869,34.8885,1073,9.2771,13.34448197,13.53274103,,0.18825906,
AKAZE,AKAZE,3,1561,0,45.553,37.9121,1126,9.452,16.61570144,13.31587728,,3.29982416,
AKAZE,AKAZE,4,1545,0,39.7027,34.1414,1126,9.0675,13.98667226,13.68881963,,0.29785263,
AKAZE,AKAZE,5,1526,0,38.5514,35.6565,1117,9.3072,12.54579096,14.81919338,,2.27340242,
AKAZE,AKAZE,6,1566,0,48.3481,37.4379,1118,8.215,13.63923707,14.7877834,,1.14854633,
AKAZE,AKAZE,7,1529,0,36.5909,34.0507,1147,9.1537,13.90812641,15.80941813,,1.90129172,
AKAZE,AKAZE,8,1547,0,38.1144,35.9516,1148,9.6686,13.95797539,14.67123932,,0.71326393,
AKAZE,AKAZE,9,1572,0,39.5463,32.0267,1120,8.98,11.97481124,14.32282101,,2.34800977,
AKAZE,AKAZE,10,1567,0,36.0108,34.5539,1149,10.2378,11.99635538,11.83404655,,0.16230883,
AKAZE,AKAZE,11,1538,0,38.232,33.4625,1083,9.7493,11.86344607,13.60872051,,1.74527444,
AKAZE,AKAZE,12,1513,0,37.6648,34.1152,1087,8.4082,9.88397122,11.06390702,,1.1799358,
AKAZE,AKAZE,13,1538,0,41.7305,33.6884,1071,7.9178,9.22065992,10.72392801,,1.50326809,
AKAZE,AKAZE,14,1555,0,36.8118,34.4121,1138,8.635,9.60303309,12.91403527,,3.31100218,
AKAZE,AKAZE,15,1544,0,40.6274,38.1352,1119,8.8804,8.29712801,10.20220137,,1.90507336,
AKAZE,AKAZE,16,1563,0,40.3166,34.5386,1132,8.8012,8.94383484,9.76009504,,0.8162602,
AKAZE,AKAZE,17,1561,0,39.7337,34.6691,1152,9.4822,10.96531637,9.74451634,,1.22080003,
,,,,,,,,,,,,0,
AKAZE,SIFT,0,1513,0,39.5644,31.3628,0,0,0,0,,0,
AKAZE,SIFT,1,1541,0,39.5972,28.7053,1136,10.5374,12.26714837,12.49676576,,0.22961739,1.099898446
AKAZE,SIFT,2,1529,0,41.0745,30.5466,1150,12.335,13.34448197,12.84570284,,0.49877913,
AKAZE,SIFT,3,1561,0,38.5507,29.8689,1166,11.7886,16.61570144,12.89723682,,3.71846462,
AKAZE,SIFT,4,1545,0,40.6014,30.5957,1147,11.4628,13.98667226,13.67123006,,0.3154422,
AKAZE,SIFT,5,1526,0,38.9711,29.969,1146,11.0953,12.54579096,14.20877739,,1.66298643,
AKAZE,SIFT,6,1566,0,42.19,32.6201,1138,13.9117,13.63923707,14.66033598,,1.02109891,
AKAZE,SIFT,7,1529,0,37.9528,30.7564,1159,11.6769,13.90812641,15.58048418,,1.67235777,
AKAZE,SIFT,8,1547,0,41.5895,32.2039,1169,12.338,13.95797539,14.02552634,,0.06755095,
AKAZE,SIFT,9,1572,0,39.2702,30.2255,1161,11.3632,11.97481124,12.80783162,,0.83302038,
AKAZE,SIFT,10,1567,0,44.159,31.4546,1209,12.7978,11.99635538,11.34186892,,0.65448646,
AKAZE,SIFT,11,1538,0,37.8579,29.8524,1149,12.324,11.86344607,12.27726967,,0.4138236,
AKAZE,SIFT,12,1513,0,42.5223,36.5699,1134,12.6429,9.88397122,10.69148989,,0.80751867,
AKAZE,SIFT,13,1538,0,42.7175,30.7384,1145,10.9343,9.22065992,10.87855154,,1.65789162,
AKAZE,SIFT,14,1555,0,40.2636,33.1305,1181,14.8504,9.60303309,10.49408092,,0.89104783,
AKAZE,SIFT,15,1544,0,37.8325,30.9713,1183,12.3203,8.29712801,9.88305428,,1.58592627,
AKAZE,SIFT,16,1563,0,40.9976,33.5368,1221,11.6396,8.94383484,10.37389647,,1.43006163,
AKAZE,SIFT,17,1561,0,39.095,32.5562,1210,12.959,10.96531637,9.72711664,,1.23819973,
,,,,,,,,,,,,0,
SIFT,BRISK,0,1890,0,65.2056,14.5937,0,0,0,0,,0,
SIFT,BRISK,1,1915,0,75.8652,15.5123,731,8.6335,12.26714837,14.14524286,,1.87809449,1.569382971
SIFT,BRISK,2,1824,0,67.1849,14.0016,733,9.2714,13.34448197,15.07576232,,1.73128035,
SIFT,BRISK,3,1837,0,65.5422,14.2972,743,8.2963,16.61570144,14.91946788,,1.69623356,
SIFT,BRISK,4,1828,0,71.4158,13.6669,723,8.168,13.98667226,18.85551799,,4.86884573,
SIFT,BRISK,5,1875,0,63.7076,14.336,734,9.4489,12.54579096,14.67962625,,2.13383529,
SIFT,BRISK,6,1931,0,68.134,14.2807,708,9.0173,13.63923707,12.22637128,,1.41286579,
SIFT,BRISK,7,1963,0,69.0723,14.8303,758,10.746,13.90812641,16.7245628,,2.81643639,
SIFT,BRISK,8,1954,0,63.3961,15.2529,736,9.9839,13.95797539,15.61196446,,1.65398907,
SIFT,BRISK,9,1983,0,74.2762,15.1403,737,10.7785,11.97481124,11.84199029,,0.13282095,
SIFT,BRISK,10,2043,0,65.438,14.8779,753,10.2297,11.99635538,11.53243833,,0.46391705,
SIFT,BRISK,11,2065,0,63.7527,15.4952,764,10.5362,11.86344607,12.41722916,,0.55378309,
SIFT,BRISK,12,2007,0,71.6379,15.4431,773,12.0942,9.88397122,12.18733736,,2.30336614,
SIFT,BRISK,13,2030,0,68.0855,14.6437,789,10.9252,9.22065992,9.68364361,,0.46298369,
SIFT,BRISK,14,2048,0,80.6909,15.8183,813,12.8443,9.60303309,9.7149907,,0.11195761,
SIFT,BRISK,15,2044,0,79.0066,15.191,844,10.85,8.29712801,9.65397593,,1.35684792,
SIFT,BRISK,16,2086,0,66.5584,15.3195,829,11.1127,8.94383484,9.54455368,,0.60071884,
SIFT,BRISK,17,2093,0,67.0299,15.3256,897,10.2772,10.96531637,8.46378182,,2.50153455,
,,,,,,,,,,,,0,
SIFT,BRIEF,0,1890,0,71.161,6.872,0,0,0,0,,0,
SIFT,BRIEF,1,1915,0,67.6136,5.119,908,7.1882,12.26714837,11.65893495,,0.60821342,1.568373705
SIFT,BRIEF,2,1824,0,61.3348,5.5988,858,7.0638,13.34448197,14.10158002,,0.75709805,
SIFT,BRIEF,3,1837,0,62.9083,4.8055,878,7.4289,16.61570144,13.78624784,,2.8294536,
SIFT,BRIEF,4,1828,0,69.3039,5.5239,904,7.9491,13.98667226,17.33174091,,3.34506865,
SIFT,BRIEF,5,1875,0,68.3844,4.9073,856,6.469,12.54579096,13.56738039,,1.02158943,
SIFT,BRIEF,6,1931,0,73.7083,6.4553,893,7.7547,13.63923707,12.00923167,,1.6300054,
SIFT,BRIEF,7,1963,0,70.5735,5.925,904,7.0451,13.90812641,14.70996498,,0.80183857,
SIFT,BRIEF,8,1954,0,66.5812,5.8724,915,7.4869,13.95797539,17.42235035,,3.46437496,
SIFT,BRIEF,9,1983,0,63.1048,6.1053,881,7.144,11.97481124,12.65344086,,0.67862962,
SIFT,BRIEF,10,2043,0,68.697,6.3845,909,6.9265,11.99635538,10.70821084,,1.28814454,
SIFT,BRIEF,11,2065,0,62.0493,5.8073,920,7.8298,11.86344607,10.74771631,,1.11572976,
SIFT,BRIEF,12,2007,0,64.0292,5.3134,919,8.7862,9.88397122,12.67588074,,2.79190952,
SIFT,BRIEF,13,2030,0,67.6433,7.9464,937,9.1402,9.22065992,9.15246069,,0.06819923,
SIFT,BRIEF,14,2048,0,69.1975,8.2816,1010,7.9298,9.60303309,12.90635766,,3.30332457,
SIFT,BRIEF,15,2044,0,69.5977,10.4834,978,11.2388,8.29712801,8.83423189,,0.53710388,
SIFT,BRIEF,16,2086,0,68.8061,6.0924,962,7.9343,8.94383484,8.62740688,,0.31642796,
SIFT,BRIEF,17,2093,0,64.4989,6.5426,980,9.3619,10.96531637,8.86007455,,2.10524182,
,,,,,,,,,,,,0,
SIFT,ORB,0,0,0,0,0,0,0,0,0,,0,
SIFT,ORB,1,0,0,0,0,0,0,0,0,,0,
SIFT,ORB,2,0,0,0,0,0,0,0,0,,0,
SIFT,ORB,3,0,0,0,0,0,0,0,0,,0,
SIFT,ORB,4,0,0,0,0,0,0,0,0,,0,
SIFT,ORB,5,0,0,0,0,0,0,0,0,,0,
SIFT,ORB,6,0,0,0,0,0,0,0,0,,0,
SIFT,ORB,7,0,0,0,0,0,0,0,0,,0,
SIFT,ORB,8,0,0,0,0,0,0,0,0,,0,
SIFT,ORB,9,0,0,0,0,0,0,0,0,,0,
SIFT,ORB,10,0,0,0,0,0,0,0,0,,0,
SIFT,ORB,11,0,0,0,0,0,0,0,0,,0,
SIFT,ORB,12,0,0,0,0,0,0,0,0,,0,
SIFT,ORB,13,0,0,0,0,0,0,0,0,,0,
SIFT,ORB,14,0,0,0,0,0,0,0,0,,0,
SIFT,ORB,15,0,0,0,0,0,0,0,0,,0,
SIFT,ORB,16,0,0,0,0,0,0,0,0,,0,
SIFT,ORB,17,0,0,0,0,0,0,0,0,,0,
,,,,,,,,,,,,0,
SIFT,FREAK,0,1890,0,63.3705,39.3181,0,0,0,0,,0,
SIFT,FREAK,1,1915,0,66.066,40.3233,698,8.9347,12.26714837,10.17743274,,2.08971563,1.338282104
SIFT,FREAK,2,1824,0,66.9024,43.7981,697,8.1065,13.34448197,13.93816002,,0.59367805,
SIFT,FREAK,3,1837,0,64.5528,37.2334,699,7.6522,16.61570144,15.00969896,,1.60600248,
SIFT,FREAK,4,1828,0,63.977,45.2872,692,10.1786,13.98667226,18.47866612,,4.49199386,
SIFT,FREAK,5,1875,0,73.2368,38.7297,685,7.26,12.54579096,12.40290507,,0.14288589,
SIFT,FREAK,6,1931,0,64.1791,39.2233,692,9.2112,13.63923707,12.45659202,,1.18264505,
SIFT,FREAK,7,1963,0,75.0413,38.5563,706,8.3745,13.90812641,14.66145721,,0.7533308,
SIFT,FREAK,8,1954,0,63.7985,42.6356,711,8.1654,13.95797539,14.29213523,,0.33415984,
SIFT,FREAK,9,1983,0,65.0024,39.2594,687,8.7667,11.97481124,13.90396688,,1.92915564,
SIFT,FREAK,10,2043,0,64.2702,39.6344,723,9.4876,11.99635538,12.20827842,,0.21192304,
SIFT,FREAK,11,2065,0,72.0458,37.4716,707,8.8126,11.86344607,11.24780497,,0.6156411,
SIFT,FREAK,12,2007,0,64.781,38.6814,741,8.3005,9.88397122,11.07453938,,1.19056816,
SIFT,FREAK,13,2030,0,67.1676,39.0373,729,9.3555,9.22065992,9.7065418,,0.48588188,
SIFT,FREAK,14,2048,0,78.4464,43.4697,759,10.3313,9.60303309,11.86947867,,2.26644558,
SIFT,FREAK,15,2044,0,65.2162,39.4512,763,10.1805,8.29712801,10.91758829,,2.62046028,
SIFT,FREAK,16,2086,0,66.2305,37.9561,794,9.6561,8.94383484,8.82503809,,0.11879675,
SIFT,FREAK,17,2093,0,69.6481,46.3074,804,11.2125,10.96531637,8.84780464,,2.11751173,
,,,,,,,,,,,,0,
SIFT,AKAZE,0,0,0,0,0,0,0,0,0,,0,
SIFT,AKAZE,1,0,0,0,0,0,0,0,0,,0,
SIFT,AKAZE,2,0,0,0,0,0,0,0,0,,0,
SIFT,AKAZE,3,0,0,0,0,0,0,0,0,,0,
SIFT,AKAZE,4,0,0,0,0,0,0,0,0,,0,
SIFT,AKAZE,5,0,0,0,0,0,0,0,0,,0,
SIFT,AKAZE,6,0,0,0,0,0,0,0,0,,0,
SIFT,AKAZE,7,0,0,0,0,0,0,0,0,,0,
SIFT,AKAZE,8,0,0,0,0,0,0,0,0,,0,
SIFT,AKAZE,9,0,0,0,0,0,0,0,0,,0,
SIFT,AKAZE,10,0,0,0,0,0,0,0,0,,0,
SIFT,AKAZE,11,0,0,0,0,0,0,0,0,,0,
SIFT,AKAZE,12,0,0,0,0,0,0,0,0,,0,
SIFT,AKAZE,13,0,0,0,0,0,0,0,0,,0,
SIFT,AKAZE,14,0,0,0,0,0,0,0,0,,0,
SIFT,AKAZE,15,0,0,0,0,0,0,0,0,,0,
SIFT,AKAZE,16,0,0,0,0,0,0,0,0,,0,
SIFT,AKAZE,17,0,0,0,0,0,0,0,0,,0,
,,,,,,,,,,,,0,
SIFT,SIFT,0,1890,0,67.6019,71.8028,0,0,0,0,,0,
SIFT,SIFT,1,1915,0,67.0459,69.1413,1030,15.9306,12.26714837,10.39091128,,1.87623709,1.284266888
SIFT,SIFT,2,1824,0,65.6984,68.0675,987,15.0551,13.34448197,13.50115471,,0.15667274,
SIFT,SIFT,3,1837,0,78.1399,68.8544,972,15.663,16.61570144,12.83058302,,3.78511842,
SIFT,SIFT,4,1828,0,69.1831,70.1341,964,15.8255,13.98667226,14.96233965,,0.97566739,
SIFT,SIFT,5,1875,0,63.9355,66.658,988,15.844,12.54579096,12.28966587,,0.25612509,
SIFT,SIFT,6,1931,0,65.3693,68.0313,967,16.3533,13.63923707,11.16798046,,2.47125661,
SIFT,SIFT,7,1963,0,65.3403,70.0174,1011,17.0608,13.90812641,13.54836003,,0.35976638,
SIFT,SIFT,8,1954,0,68.648,69.3614,1036,17.5629,13.95797539,15.62865859,,1.6706832,
SIFT,SIFT,9,1983,0,62.209,70.8385,1008,22.7454,11.97481124,12.60027909,,0.62546785,
SIFT,SIFT,10,2043,0,68.9212,69.8416,1003,18.2145,11.99635538,10.78178157,,1.21457381,
SIFT,SIFT,11,2065,0,75.2265,79.0729,1084,19.7148,11.86344607,10.60554321,,1.25790286,
SIFT,SIFT,12,2007,0,70.1954,78.0622,1060,20.5019,9.88397122,10.18692362,,0.3029524,
SIFT,SIFT,13,2030,0,80.3087,71.8593,1107,18.786,9.22065992,9.68364361,,0.46298369,
SIFT,SIFT,14,2048,0,65.427,70.3599,1125,18.7928,9.60303309,11.27673776,,1.67370467,
SIFT,SIFT,15,2044,0,77.1139,73.7839,1107,19.2508,8.29712801,9.71652758,,1.41939957,
SIFT,SIFT,16,2086,0,66.7119,69.3566,1173,22.6935,8.94383484,9.89901525,,0.95518041,
SIFT,SIFT,17,2093,0,69.675,76.1272,1183,20.4426,10.96531637,8.59647146,,2.36884491,
