Detector Type,Descriptor Type,Frame#,#KeyPointsPerFrame,#KeyPointsPerROI,DetectorTime(ms),DescriptorTime(ms),#MatchedPoints,MatchingTime(ms)),TTC Lidar(s)),TTC Camera(s))
SHITOMASI,BRISK,0,1723,0,13.62050000,17.38040000,0,0.00000000,0.00000000,0.00000000
SHITOMASI,BRISK,1,1759,0,11.49860000,15.97640000,797,9.08380000,12.28909987,13.27375059
SHITOMASI,BRISK,2,1820,0,9.79940000,17.44610000,779,10.95290000,13.35472472,12.18604023
SHITOMASI,BRISK,3,1850,0,10.18710000,16.95510000,843,9.07920000,16.38445235,12.48431574
SHITOMASI,BRISK,4,1828,0,9.48230000,17.02860000,792,7.99540000,14.07644542,13.53376820
SHITOMASI,BRISK,5,1806,0,11.48240000,16.42500000,817,10.50260000,12.72994538,12.66024508
SHITOMASI,BRISK,6,1877,0,11.41980000,19.55630000,805,9.63280000,13.75107388,12.95678819
SHITOMASI,BRISK,7,1894,0,9.36110000,17.86970000,780,9.27850000,13.73143194,15.03110513
SHITOMASI,BRISK,8,1889,0,11.53810000,17.78770000,850,10.17020000,0.00000000,0.00000000
SHITOMASI,BRISK,9,1917,0,10.45640000,17.18590000,842,9.26730000,12.05899411,12.49055131
SHITOMASI,BRISK,10,1874,0,9.18830000,14.96060000,832,7.82650000,11.86418535,11.74506702
SHITOMASI,BRISK,11,1912,0,11.69960000,16.40950000,857,8.18000000,11.96819706,12.17215832
SHITOMASI,BRISK,12,1930,0,18.04570000,22.67430000,849,13.23540000,9.88711316,12.02926672
SHITOMASI,BRISK,13,1880,0,12.07320000,17.76770000,884,10.35150000,9.42503692,13.60771172
SHITOMASI,BRISK,14,1886,0,10.40190000,15.19120000,889,8.76590000,9.30214768,12.72498106
SHITOMASI,BRISK,15,1957,0,9.82670000,20.81700000,906,12.48930000,8.32120023,12.80852590
SHITOMASI,BRISK,16,1888,0,9.57550000,16.47000000,878,7.98840000,8.89867334,9.73454450
SHITOMASI,BRISK,17,1919,0,9.71770000,15.35100000,914,9.53390000,11.03011361,12.67702282

SHITOMASI,BRIEF,0,1723,0,9.80520000,5.48290000,0,0.00000000,0.00000000,0.00000000
SHITOMASI,BRIEF,1,1759,0,8.81270000,5.75980000,1148,5.39950000,12.28909987,13.08607911
SHITOMASI,BRIEF,2,1820,0,9.34920000,5.44460000,1167,7.13900000,13.35472472,13.81020610
SHITOMASI,BRIEF,3,1850,0,9.57980000,5.82550000,1221,7.09620000,16.38445235,11.07825636
SHITOMASI,BRIEF,4,1828,0,9.14480000,5.81530000,1210,6.90530000,14.07644542,12.97023122
SHITOMASI,BRIEF,5,1806,0,9.23090000,5.54430000,1221,6.29790000,12.72994538,12.10740753
SHITOMASI,BRIEF,6,1877,0,9.66070000,6.09680000,1155,6.57220000,13.75107388,12.43592222
SHITOMASI,BRIEF,7,1894,0,12.21420000,7.67720000,1190,7.44070000,13.73143194,13.67170460
SHITOMASI,BRIEF,8,1889,0,10.37640000,5.70470000,1214,6.85530000,13.79012564,11.26530417
SHITOMASI,BRIEF,9,1917,0,10.17280000,6.59430000,1205,9.32120000,12.05899411,11.36451312
SHITOMASI,BRIEF,10,1874,0,12.68130000,8.45290000,1187,8.17640000,11.86418535,11.86969977
SHITOMASI,BRIEF,11,1912,0,12.16940000,12.24880000,1193,11.45600000,11.96819706,12.17943738
SHITOMASI,BRIEF,12,1930,0,12.30640000,7.72690000,1239,9.43070000,9.88711316,10.60000000
SHITOMASI,BRIEF,13,1880,0,15.73780000,11.98190000,1249,10.40340000,9.42503692,12.50679906
SHITOMASI,BRIEF,14,1886,0,11.48670000,7.58990000,1248,9.71410000,9.30214768,11.10707322
SHITOMASI,BRIEF,15,1957,0,19.03770000,11.89000000,1262,8.93160000,8.32120023,12.85950784
SHITOMASI,BRIEF,16,1888,0,12.05420000,7.60270000,1281,9.04210000,8.89867334,11.58816357
SHITOMASI,BRIEF,17,1919,0,11.58810000,8.71770000,1270,10.13260000,11.03011361,8.47574227

SHITOMASI,ORB,0,1723,0,11.18020000,6.39520000,0,0.00000000,0.00000000,0.00000000
SHITOMASI,ORB,1,1759,0,12.37350000,5.74460000,1053,7.45680000,12.28909987,12.12057648
SHITOMASI,ORB,2,1820,0,12.51460000,5.04020000,1070,8.13620000,13.35472472,12.90078735
SHITOMASI,ORB,3,1850,0,12.14120000,6.23680000,1116,7.69770000,16.38445235,12.69424828
SHITOMASI,ORB,4,1828,0,11.69900000,5.61030000,1082,7.04840000,14.07644542,12.59632479
SHITOMASI,ORB,5,1806,0,12.54910000,4.67460000,1080,6.92960000,12.72994538,12.21874600
SHITOMASI,ORB,6,1877,0,11.98080000,4.70270000,1042,6.71890000,13.75107388,13.10824622
SHITOMASI,ORB,7,1894,0,12.41950000,4.82340000,1059,8.48890000,13.73143194,14.25572930
SHITOMASI,ORB,8,1889,0,11.59700000,4.78830000,1085,8.27820000,13.79012564,11.84700881
SHITOMASI,ORB,9,1917,0,13.07010000,4.73350000,1072,7.85460000,12.05899411,11.32492721
SHITOMASI,ORB,10,1874,0,11.78220000,4.79230000,1050,7.83660000,11.86418535,13.20301891
SHITOMASI,ORB,11,1912,0,12.13100000,5.13850000,1049,8.90560000,11.96819706,11.49395244
SHITOMASI,ORB,12,1930,0,11.95130000,5.24870000,1099,7.74750000,9.88711316,11.89237131
SHITOMASI,ORB,13,1880,0,11.47080000,4.95070000,1108,8.49750000,9.42503692,12.80299698
SHITOMASI,ORB,14,1886,0,12.07970000,5.03800000,1099,7.96140000,9.30214768,12.33786403
SHITOMASI,ORB,15,1957,0,12.24230000,5.84760000,1102,8.10460000,8.32120023,11.32202686
SHITOMASI,ORB,16,1888,0,12.30880000,5.38470000,1135,8.70150000,8.89867334,13.54605098
SHITOMASI,ORB,17,1919,0,11.52990000,5.41780000,1165,8.66260000,11.03011361,11.73406632

SHITOMASI,FREAK,0,1723,0,12.00060000,47.43620000,0,0.00000000,0.00000000,0.00000000
SHITOMASI,FREAK,1,1759,0,12.69320000,49.43720000,812,9.32110000,12.28909987,13.60667968
SHITOMASI,FREAK,2,1820,0,13.39140000,49.98180000,814,8.82750000,13.35472472,12.63777764
SHITOMASI,FREAK,3,1850,0,12.81990000,48.48680000,878,9.44250000,16.38445235,12.42491922
SHITOMASI,FREAK,4,1828,0,12.73990000,46.51570000,851,12.54110000,14.07644542,13.75890987
SHITOMASI,FREAK,5,1806,0,12.98870000,51.28270000,874,10.90340000,12.72994538,11.99957069
SHITOMASI,FREAK,6,1877,0,12.08910000,51.57730000,845,7.74500000,13.75107388,13.83193623
SHITOMASI,FREAK,7,1894,0,11.33800000,45.90680000,831,8.59890000,13.73143194,13.08356492
SHITOMASI,FREAK,8,1889,0,11.70990000,50.77820000,870,8.19360000,13.79012564,12.47898501
SHITOMASI,FREAK,9,1917,0,12.51600000,54.39270000,863,11.60320000,12.05899411,11.97351300
SHITOMASI,FREAK,10,1874,0,11.16750000,45.21140000,860,9.26930000,11.86418535,13.88899076
SHITOMASI,FREAK,11,1912,0,13.39350000,51.58160000,861,9.59890000,11.96819706,12.03669272
SHITOMASI,FREAK,12,1930,0,14.11800000,47.47200000,885,8.42330000,9.88711316,11.52555495
SHITOMASI,FREAK,13,1880,0,13.38480000,49.07840000,879,11.15420000,9.42503692,12.93055275
SHITOMASI,FREAK,14,1886,0,12.29800000,48.75430000,886,8.06030000,9.30214768,11.59977845
SHITOMASI,FREAK,15,1957,0,11.87520000,46.81110000,892,8.27920000,8.32120023,8.69538343
SHITOMASI,FREAK,16,1888,0,12.70730000,46.56460000,899,8.39200000,8.89867334,9.10914166
SHITOMASI,FREAK,17,1919,0,11.91110000,49.45660000,949,9.62860000,11.03011361,12.63907127

SHITOMASI,AKAZE,0,0,0,0.00000000,0.00000000,0,0.00000000,0.00000000,0.00000000
SHITOMASI,AKAZE,1,0,0,0.00000000,0.00000000,0,0.00000000,0.00000000,0.00000000
SHITOMASI,AKAZE,2,0,0,0.00000000,0.00000000,0,0.00000000,0.00000000,0.00000000
SHITOMASI,AKAZE,3,0,0,0.00000000,0.00000000,0,0.00000000,0.00000000,0.00000000
SHITOMASI,AKAZE,4,0,0,0.00000000,0.00000000,0,0.00000000,0.00000000,0.00000000
SHITOMASI,AKAZE,5,0,0,0.00000000,0.00000000,0,0.00000000,0.00000000,0.00000000
SHITOMASI,AKAZE,6,0,0,0.00000000,0.00000000,0,0.00000000,0.00000000,0.00000000
SHITOMASI,AKAZE,7,0,0,0.00000000,0.00000000,0,0.00000000,0.00000000,0.00000000
SHITOMASI,AKAZE,8,0,0,0.00000000,0.00000000,0,0.00000000,0.00000000,0.00000000
SHITOMASI,AKAZE,9,0,0,0.00000000,0.00000000,0,0.00000000,0.00000000,0.00000000
SHITOMASI,AKAZE,10,0,0,0.00000000,0.00000000,0,0.00000000,0.00000000,0.00000000
SHITOMASI,AKAZE,11,0,0,0.00000000,0.00000000,0,0.00000000,0.00000000,0.00000000
SHITOMASI,AKAZE,12,0,0,0.00000000,0.00000000,0,0.00000000,0.00000000,0.00000000
SHITOMASI,AKAZE,13,0,0,0.00000000,0.00000000,0,0.00000000,0.00000000,0.00000000
SHITOMASI,AKAZE,14,0,0,0.00000000,0.00000000,0,0.00000000,0.00000000,0.00000000
SHITOMASI,AKAZE,15,0,0,0.00000000,0.00000000,0,0.00000000,0.00000000,0.00000000
SHITOMASI,AKAZE,16,0,0,0.00000000,0.00000000,0,0.00000000,0.00000000,0.00000000
SHITOMASI,AKAZE,17,0,0,0.00000000,0.00000000,0,0.00000000,0.00000000,0.00000000

SHITOMASI,SIFT,0,1723,0,12.15300000,35.86460000,0,0.00000000,0.00000000,0.00000000
SHITOMASI,SIFT,1,1759,0,13.21540000,40.55020000,1260,15.82390000,12.28909987,12.62138574
SHITOMASI,SIFT,2,1820,0,13.13690000,36.46780000,1257,18.20810000,13.35472472,13.01144693
SHITOMASI,SIFT,3,1850,0,12.80220000,29.56360000,1321,16.53950000,16.38445235,11.69336253
SHITOMASI,SIFT,4,1828,0,11.85740000,31.91580000,1344,16.38010000,14.07644542,12.19335897
SHITOMASI,SIFT,5,1806,0,12.96860000,34.40060000,1324,21.50320000,12.72994538,12.06562011
SHITOMASI,SIFT,6,1877,0,12.14050000,27.32310000,1287,17.26490000,13.75107388,12.85727758
SHITOMASI,SIFT,7,1894,0,12.96600000,34.58660000,1310,21.44400000,13.73143194,12.66115703
SHITOMASI,SIFT,8,1889,0,12.48400000,36.22190000,1337,19.23670000,13.79012564,12.11850864
SHITOMASI,SIFT,9,1917,0,16.53110000,39.92070000,1334,18.09910000,12.05899411,11.60772546
SHITOMASI,SIFT,10,1874,0,11.70770000,33.38450000,1324,17.72740000,11.86418535,12.85139985
SHITOMASI,SIFT,11,1912,0,14.27900000,26.42600000,1299,18.48880000,11.96819706,11.32670333
SHITOMASI,SIFT,12,1930,0,11.50430000,36.93950000,1356,18.70380000,9.88711316,11.84801210
SHITOMASI,SIFT,13,1880,0,11.66290000,37.46170000,1371,17.50500000,9.42503692,12.55950638
SHITOMASI,SIFT,14,1886,0,11.95960000,35.99190000,1359,16.80640000,9.30214768,11.72360740
SHITOMASI,SIFT,15,1957,0,12.72410000,29.19890000,1400,18.67060000,8.32120023,10.37529913
SHITOMASI,SIFT,16,1888,0,11.55940000,26.53920000,1425,20.81100000,8.89867334,11.06366324
SHITOMASI,SIFT,17,1919,0,13.52940000,26.81000000,1442,19.40270000,11.03011361,12.40838174

HARRIS,BRISK,0,115,0,11.40830000,2.65810000,0,0.00000000,0.00000000,0.00000000
HARRIS,BRISK,1,209,0,13.23710000,2.84670000,74,0.19860000,12.28909987,nan
HARRIS,BRISK,2,114,0,10.95320000,1.66340000,91,0.19060000,13.35472472,10.58599631
HARRIS,BRISK,3,178,0,16.61430000,2.68780000,76,0.22750000,16.38445235,nan
HARRIS,BRISK,4,250,0,13.52250000,3.41120000,109,0.40650000,14.07644542,11.75498024
HARRIS,BRISK,5,241,0,13.73970000,3.24160000,134,0.37050000,12.72994538,13.32061302
HARRIS,BRISK,6,259,0,13.24420000,3.37010000,124,0.35830000,13.75107388,nan
HARRIS,BRISK,7,272,0,14.34170000,3.44670000,144,0.34480000,13.73143194,11.65569930
HARRIS,BRISK,8,193,0,12.35160000,3.11930000,124,0.28800000,13.79012564,12.37254553
HARRIS,BRISK,9,129,0,13.32410000,1.98890000,93,0.22800000,12.05899411,nan
HARRIS,BRISK,10,248,0,15.39430000,3.14400000,77,0.19020000,11.86418535,-inf
HARRIS,BRISK,11,147,0,12.84190000,2.06650000,101,0.21000000,11.96819706,nan
HARRIS,BRISK,12,168,0,12.66000000,2.25300000,87,0.21440000,9.88711316,nan
HARRIS,BRISK,13,181,0,12.02170000,2.69640000,101,0.22990000,9.42503692,13.35505098
HARRIS,BRISK,14,144,0,13.30240000,2.08350000,99,0.30890000,9.30214768,12.43935806
HARRIS,BRISK,15,243,0,14.15220000,3.66160000,89,0.23590000,8.32120023,-inf
HARRIS,BRISK,16,213,0,12.57950000,3.39880000,126,0.32520000,8.89867334,12.02074724
HARRIS,BRISK,17,126,0,11.50080000,2.34800000,89,0.16620000,11.03011361,nan

HARRIS,BRIEF,0,115,0,11.06640000,1.11380000,0,0.00000000,0.00000000,0.00000000
HARRIS,BRIEF,1,209,0,14.21590000,2.16700000,95,0.24560000,12.28909987,8.81335430
HARRIS,BRIEF,2,114,0,10.87120000,1.11910000,120,0.17600000,13.35472472,11.00814496
HARRIS,BRIEF,3,178,0,13.16820000,1.39780000,95,0.16830000,16.38445235,nan
HARRIS,BRIEF,4,250,0,17.60180000,2.01490000,146,0.41610000,14.07644542,12.62898292
HARRIS,BRIEF,5,241,0,14.03780000,1.84560000,180,0.48050000,12.72994538,13.32061302
HARRIS,BRIEF,6,259,0,14.14170000,2.08350000,174,0.33810000,13.75107388,14.38916522
HARRIS,BRIEF,7,272,0,15.14450000,2.17710000,193,0.32900000,13.73143194,11.72846073
HARRIS,BRIEF,8,193,0,12.55440000,1.42960000,174,0.30860000,13.79012564,13.57041570
HARRIS,BRIEF,9,129,0,11.39470000,1.23160000,122,0.27010000,12.05899411,nan
HARRIS,BRIEF,10,248,0,20.50670000,1.90010000,109,0.22680000,11.86418535,-inf
HARRIS,BRIEF,11,147,0,12.43890000,1.35870000,142,0.27770000,11.96819706,nan
HARRIS,BRIEF,12,168,0,12.27360000,1.40540000,116,0.19160000,9.88711316,nan
HARRIS,BRIEF,13,181,0,14.05600000,1.46600000,131,0.41500000,9.42503692,13.40949805
HARRIS,BRIEF,14,144,0,13.42120000,1.30800000,130,0.21510000,9.30214768,nan
HARRIS,BRIEF,15,243,0,14.16910000,2.45540000,121,0.28460000,8.32120023,nan
HARRIS,BRIEF,16,213,0,12.32570000,1.78630000,174,0.28460000,8.89867334,7.03775059
HARRIS,BRIEF,17,126,0,12.35450000,1.13830000,132,0.47570000,11.03011361,12.73843196

HARRIS,ORB,0,115,0,13.84460000,1.71100000,0,0.00000000,0.00000000,0.00000000
HARRIS,ORB,1,209,0,14.43560000,1.86540000,93,0.17650000,12.28909987,8.81335430
HARRIS,ORB,2,114,0,11.93220000,1.68390000,106,0.19240000,13.35472472,11.00814496
HARRIS,ORB,3,178,0,13.03090000,1.83440000,93,0.26090000,16.38445235,nan
HARRIS,ORB,4,250,0,14.18130000,1.97340000,133,0.27280000,14.07644542,12.62898292
HARRIS,ORB,5,241,0,15.16340000,1.87300000,173,0.32310000,12.72994538,19.21593711
HARRIS,ORB,6,259,0,14.58160000,1.98370000,159,0.32780000,13.75107388,14.96329096
HARRIS,ORB,7,272,0,14.54320000,2.03730000,180,0.40420000,13.73143194,12.58967059
HARRIS,ORB,8,193,0,13.66270000,1.81500000,160,0.30960000,13.79012564,13.57041570
HARRIS,ORB,9,129,0,11.38520000,2.04140000,105,0.38180000,12.05899411,nan
HARRIS,ORB,10,248,0,14.77440000,2.24210000,97,0.26680000,11.86418535,nan
HARRIS,ORB,11,147,0,12.32120000,1.64760000,131,0.21460000,11.96819706,nan
HARRIS,ORB,12,168,0,12.62920000,1.73410000,108,0.24420000,9.88711316,23.90711484
HARRIS,ORB,13,181,0,12.57840000,1.63130000,126,0.27070000,9.42503692,13.40949805
HARRIS,ORB,14,144,0,12.63910000,1.99880000,119,0.30650000,9.30214768,5.66096575
HARRIS,ORB,15,243,0,14.08140000,2.00960000,111,0.25220000,8.32120023,-11.52183448
HARRIS,ORB,16,213,0,13.83870000,1.92020000,155,0.34510000,8.89867334,6.33866249
HARRIS,ORB,17,126,0,11.27200000,1.70310000,115,0.19300000,11.03011361,nan

HARRIS,FREAK,0,115,0,11.92810000,34.75720000,0,0.00000000,0.00000000,0.00000000
HARRIS,FREAK,1,209,0,13.60780000,39.37990000,78,0.20610000,12.28909987,nan
HARRIS,FREAK,2,114,0,11.36710000,35.26170000,96,0.19230000,13.35472472,nan
HARRIS,FREAK,3,178,0,13.19830000,37.73230000,79,0.24480000,16.38445235,nan
HARRIS,FREAK,4,250,0,16.94420000,38.33730000,103,0.57880000,14.07644542,12.62898292
HARRIS,FREAK,5,241,0,13.66060000,38.00820000,138,0.31890000,12.72994538,39.58402863
HARRIS,FREAK,6,259,0,13.82780000,35.92680000,124,0.42220000,13.75107388,nan
HARRIS,FREAK,7,272,0,15.00520000,38.63790000,128,0.35540000,13.73143194,11.09242966
HARRIS,FREAK,8,193,0,12.65020000,36.35710000,131,0.28300000,13.79012564,11.97175280
HARRIS,FREAK,9,129,0,12.67110000,36.40810000,88,0.25650000,12.05899411,nan
HARRIS,FREAK,10,248,0,15.05380000,36.80500000,74,0.34990000,11.86418535,20.58621609
HARRIS,FREAK,11,147,0,15.40800000,37.76800000,102,0.27840000,11.96819706,nan
HARRIS,FREAK,12,168,0,13.03930000,35.41770000,88,0.21860000,9.88711316,5.05076249
HARRIS,FREAK,13,181,0,14.58750000,36.50740000,103,0.29090000,9.42503692,nan
HARRIS,FREAK,14,144,0,11.95250000,35.69740000,102,0.27810000,9.30214768,nan
HARRIS,FREAK,15,243,0,14.77420000,37.15150000,87,0.26040000,8.32120023,nan
HARRIS,FREAK,16,213,0,13.21550000,36.28620000,128,0.30320000,8.89867334,8.86240606
HARRIS,FREAK,17,126,0,11.98080000,36.83320000,92,0.27500000,11.03011361,nan

HARRIS,AKAZE,0,0,0,0.00000000,0.00000000,0,0.00000000,0.00000000,0.00000000
HARRIS,AKAZE,1,0,0,0.00000000,0.00000000,0,0.00000000,0.00000000,0.00000000
HARRIS,AKAZE,2,0,0,0.00000000,0.00000000,0,0.00000000,0.00000000,0.00000000
HARRIS,AKAZE,3,0,0,0.00000000,0.00000000,0,0.00000000,0.00000000,0.00000000
HARRIS,AKAZE,4,0,0,0.00000000,0.00000000,0,0.00000000,0.00000000,0.00000000
HARRIS,AKAZE,5,0,0,0.00000000,0.00000000,0,0.00000000,0.00000000,0.00000000
HARRIS,AKAZE,6,0,0,0.00000000,0.00000000,0,0.00000000,0.00000000,0.00000000
HARRIS,AKAZE,7,0,0,0.00000000,0.00000000,0,0.00000000,0.00000000,0.00000000
HARRIS,AKAZE,8,0,0,0.00000000,0.00000000,0,0.00000000,0.00000000,0.00000000
HARRIS,AKAZE,9,0,0,0.00000000,0.00000000,0,0.00000000,0.00000000,0.00000000
HARRIS,AKAZE,10,0,0,0.00000000,0.00000000,0,0.00000000,0.00000000,0.00000000
HARRIS,AKAZE,11,0,0,0.00000000,0.00000000,0,0.00000000,0.00000000,0.00000000
HARRIS,AKAZE,12,0,0,0.00000000,0.00000000,0,0.00000000,0.00000000,0.00000000
HARRIS,AKAZE,13,0,0,0.00000000,0.00000000,0,0.00000000,0.00000000,0.00000000
HARRIS,AKAZE,14,0,0,0.00000000,0.00000000,0,0.00000000,0.00000000,0.00000000
HARRIS,AKAZE,15,0,0,0.00000000,0.00000000,0,0.00000000,0.00000000,0.00000000
HARRIS,AKAZE,16,0,0,0.00000000,0.00000000,0,0.00000000,0.00000000,0.00000000
HARRIS,AKAZE,17,0,0,0.00000000,0.00000000,0,0.00000000,0.00000000,0.00000000

HARRIS,SIFT,0,115,0,12.71160000,26.85650000,0,0.00000000,0.00000000,0.00000000
HARRIS,SIFT,1,209,0,13.74960000,24.30970000,98,0.34800000,12.28909987,nan
HARRIS,SIFT,2,114,0,13.62520000,19.36760000,120,0.25890000,13.35472472,10.58599631
HARRIS,SIFT,3,178,0,12.66700000,19.57370000,104,0.56500000,16.38445235,-11.47314563
HARRIS,SIFT,4,250,0,15.00970000,18.40930000,147,0.41210000,14.07644542,12.62898292
HARRIS,SIFT,5,241,0,13.80020000,17.00370000,200,0.49330000,12.72994538,13.64320586
HARRIS,SIFT,6,259,0,15.49440000,24.67350000,196,0.54500000,13.75107388,12.99448920
HARRIS,SIFT,7,272,0,14.02960000,17.50840000,202,0.47860000,13.73143194,12.20000000
HARRIS,SIFT,8,193,0,13.40960000,19.95940000,192,0.75290000,13.79012564,11.72412388
HARRIS,SIFT,9,129,0,11.52840000,16.53830000,123,0.28650000,12.05899411,nan
HARRIS,SIFT,10,248,0,15.45340000,22.21670000,117,0.29640000,11.86418535,nan
HARRIS,SIFT,11,147,0,11.92620000,18.50890000,148,0.32490000,11.96819706,nan
HARRIS,SIFT,12,168,0,13.24340000,24.06000000,120,0.26550000,9.88711316,nan
HARRIS,SIFT,13,181,0,12.22240000,22.77850000,137,0.26230000,9.42503692,13.35505098
HARRIS,SIFT,14,144,0,16.73250000,27.48030000,138,0.34920000,9.30214768,nan
HARRIS,SIFT,15,243,0,14.67720000,20.52160000,127,0.25690000,8.32120023,nan
HARRIS,SIFT,16,213,0,19.20090000,18.66030000,188,0.45050000,8.89867334,6.60338365
HARRIS,SIFT,17,126,0,11.86440000,16.29230000,127,0.27300000,11.03011361,nan

FAST,BRISK,0,1864,0,1.43060000,14.67310000,0,0.00000000,0.00000000,0.00000000
FAST,BRISK,1,1898,0,1.31040000,14.78870000,1023,9.35120000,12.28909987,13.81172441
FAST,BRISK,2,1865,0,1.23780000,14.75330000,994,10.62510000,13.35472472,12.51525052
FAST,BRISK,3,1840,0,1.42970000,14.44710000,962,10.55130000,16.38445235,12.74257053
FAST,BRISK,4,1867,0,1.33310000,14.75810000,960,9.34190000,14.07644542,12.65617775
FAST,BRISK,5,1876,0,1.33140000,15.21150000,1016,9.29390000,12.72994538,11.17292995
FAST,BRISK,6,1843,0,1.24780000,16.65480000,969,10.21670000,13.75107388,12.14184515
FAST,BRISK,7,1829,0,1.38020000,14.87770000,917,8.72390000,13.73143194,11.70628959
FAST,BRISK,8,1843,0,1.37100000,13.97120000,925,8.48860000,13.79012564,11.98263078
FAST,BRISK,9,1818,0,1.20460000,15.35400000,927,8.74280000,12.05899411,11.80090016
FAST,BRISK,10,1879,0,2.37950000,17.27760000,956,9.11820000,11.86418535,10.64498156
FAST,BRISK,11,1849,0,1.50380000,15.42700000,954,8.70050000,11.96819706,12.35776201
FAST,BRISK,12,1826,0,1.25270000,15.41490000,965,8.74480000,9.88711316,12.46475285
FAST,BRISK,13,1842,0,1.43510000,15.47800000,966,9.34530000,9.42503692,12.81245155
FAST,BRISK,14,1833,0,1.49420000,15.23810000,998,8.06210000,9.30214768,12.10329224
FAST,BRISK,15,1921,0,1.40750000,15.44160000,1004,8.45530000,8.32120023,13.08367208
FAST,BRISK,16,1934,0,1.30940000,16.99730000,1037,9.53110000,8.89867334,12.10464664
FAST,BRISK,17,1946,0,1.42810000,15.44760000,1095,9.60400000,11.03011361,7.31971512

FAST,BRIEF,0,1864,0,1.34160000,8.44960000,0,0.00000000,0.00000000,0.00000000
FAST,BRIEF,1,1898,0,1.29880000,8.37670000,1305,8.49530000,12.28909987,10.06368316
FAST,BRIEF,2,1865,0,1.20620000,9.67610000,1333,10.65800000,13.35472472,11.94100490
FAST,BRIEF,3,1840,0,1.32860000,7.36790000,1308,8.42570000,16.38445235,11.77267155
FAST,BRIEF,4,1867,0,2.00400000,11.54840000,1252,11.15440000,14.07644542,12.63213219
FAST,BRIEF,5,1876,0,1.35550000,8.18430000,1284,9.54200000,12.72994538,17.23146453
FAST,BRIEF,6,1843,0,1.29840000,10.09520000,1274,12.29070000,13.75107388,11.57118226
FAST,BRIEF,7,1829,0,1.32850000,7.10910000,1242,9.60980000,13.73143194,10.97363108
FAST,BRIEF,8,1843,0,1.25860000,11.50140000,1237,7.99250000,13.79012564,12.36426143
FAST,BRIEF,9,1818,0,1.53000000,6.98240000,1277,9.23740000,12.05899411,12.49719031
FAST,BRIEF,10,1879,0,1.45190000,9.54400000,1237,13.12680000,11.86418535,12.51684618
FAST,BRIEF,11,1849,0,1.22880000,7.20410000,1252,9.54060000,11.96819706,13.50114504
FAST,BRIEF,12,1826,0,1.35850000,7.34070000,1275,13.24590000,9.88711316,12.17035184
FAST,BRIEF,13,1842,0,1.18060000,7.82480000,1246,7.85260000,9.42503692,13.02729801
FAST,BRIEF,14,1833,0,1.29820000,8.30750000,1265,10.36690000,9.30214768,11.48800555
FAST,BRIEF,15,1921,0,1.30770000,8.39530000,1238,8.99150000,8.32120023,12.20844585
FAST,BRIEF,16,1934,0,1.24510000,10.21290000,1297,10.98290000,8.89867334,11.52555495
FAST,BRIEF,17,1946,0,1.45870000,9.36800000,1348,9.74680000,11.03011361,10.43168239

FAST,ORB,0,1864,0,1.34230000,5.31750000,0,0.00000000,0.00000000,0.00000000
FAST,ORB,1,1898,0,1.40680000,5.61360000,1220,10.60550000,12.28909987,11.28756751
FAST,ORB,2,1865,0,1.39250000,5.87880000,1234,11.38170000,13.35472472,12.67905261
FAST,ORB,3,1840,0,1.31230000,6.68190000,1238,11.21180000,16.38445235,13.09912198
FAST,ORB,4,1867,0,1.31620000,6.08360000,1188,8.44460000,14.07644542,12.63213219
FAST,ORB,5,1876,0,1.63750000,5.19710000,1232,9.89640000,12.72994538,13.06336298
FAST,ORB,6,1843,0,1.29420000,4.82530000,1193,10.11270000,13.75107388,12.59641586
FAST,ORB,7,1829,0,1.59910000,5.00510000,1141,9.83120000,13.73143194,11.30274783
FAST,ORB,8,1843,0,1.32570000,5.51570000,1167,10.70530000,13.79012564,11.34317264
FAST,ORB,9,1818,0,1.26680000,6.14180000,1171,9.27930000,12.05899411,11.96365733
FAST,ORB,10,1879,0,1.54550000,5.48830000,1142,9.22690000,11.86418535,12.56944468
FAST,ORB,11,1849,0,1.29190000,5.46310000,1160,9.46870000,11.96819706,13.10000000
FAST,ORB,12,1826,0,1.79990000,5.49530000,1188,8.18770000,9.88711316,13.25797541
FAST,ORB,13,1842,0,1.30700000,5.51160000,1157,10.64860000,9.42503692,13.10304187
FAST,ORB,14,1833,0,1.29840000,5.29810000,1162,9.22950000,9.30214768,12.67021163
FAST,ORB,15,1921,0,1.35250000,5.10440000,1172,8.98120000,8.32120023,12.40080323
FAST,ORB,16,1934,0,1.36590000,5.62510000,1244,9.65340000,8.89867334,12.75494310
FAST,ORB,17,1946,0,1.27780000,5.44370000,1243,10.44080000,11.03011361,7.73072444

FAST,FREAK,0,1864,0,1.28540000,45.77030000,0,0.00000000,0.00000000,0.00000000
FAST,FREAK,1,1898,0,1.31780000,45.97900000,959,9.37790000,12.28909987,11.93012605
FAST,FREAK,2,1865,0,1.67220000,44.65500000,950,10.04460000,13.35472472,11.78184612
FAST,FREAK,3,1840,0,1.25060000,46.27280000,944,9.32240000,16.38445235,16.14662882
FAST,FREAK,4,1867,0,1.32440000,48.08040000,889,10.61370000,14.07644542,13.14412086
FAST,FREAK,5,1876,0,1.28460000,46.36230000,969,9.14980000,12.72994538,11.96019184
FAST,FREAK,6,1843,0,1.34920000,47.86130000,917,11.20790000,13.75107388,12.00864435
FAST,FREAK,7,1829,0,1.35600000,49.31940000,886,9.43890000,13.73143194,11.71200967
FAST,FREAK,8,1843,0,1.57530000,48.34860000,883,12.36020000,13.79012564,12.52868571
FAST,FREAK,9,1818,0,1.22480000,44.80180000,865,9.79890000,12.05899411,14.53399846
FAST,FREAK,10,1879,0,1.30830000,46.95870000,897,9.74810000,11.86418535,14.51034491
FAST,FREAK,11,1849,0,2.39920000,48.30950000,930,10.83150000,11.96819706,13.64593122
FAST,FREAK,12,1826,0,1.61880000,47.27870000,898,8.80880000,9.88711316,12.42891613
FAST,FREAK,13,1842,0,1.32280000,46.57390000,923,9.39470000,9.42503692,13.10304187
FAST,FREAK,14,1833,0,1.43990000,47.13200000,952,8.57270000,9.30214768,12.11316895
FAST,FREAK,15,1921,0,1.33980000,50.36900000,930,10.31030000,8.32120023,12.89360530
FAST,FREAK,16,1934,0,1.39900000,49.15810000,957,10.80690000,8.89867334,12.19959015
FAST,FREAK,17,1946,0,1.26040000,50.25630000,1011,10.33490000,11.03011361,11.91568263

FAST,AKAZE,0,0,0,0.00000000,0.00000000,0,0.00000000,0.00000000,0.00000000
FAST,AKAZE,1,0,0,0.00000000,0.00000000,0,0.00000000,0.00000000,0.00000000
FAST,AKAZE,2,0,0,0.00000000,0.00000000,0,0.00000000,0.00000000,0.00000000
FAST,AKAZE,3,0,0,0.00000000,0.00000000,0,0.00000000,0.00000000,0.00000000
FAST,AKAZE,4,0,0,0.00000000,0.00000000,0,0.00000000,0.00000000,0.00000000
FAST,AKAZE,5,0,0,0.00000000,0.00000000,0,0.00000000,0.00000000,0.00000000
FAST,AKAZE,6,0,0,0.00000000,0.00000000,0,0.00000000,0.00000000,0.00000000
FAST,AKAZE,7,0,0,0.00000000,0.00000000,0,0.00000000,0.00000000,0.00000000
FAST,AKAZE,8,0,0,0.00000000,0.00000000,0,0.00000000,0.00000000,0.00000000
FAST,AKAZE,9,0,0,0.00000000,0.00000000,0,0.00000000,0.00000000,0.00000000
FAST,AKAZE,10,0,0,0.00000000,0.00000000,0,0.00000000,0.00000000,0.00000000
FAST,AKAZE,11,0,0,0.00000000,0.00000000,0,0.00000000,0.00000000,0.00000000
FAST,AKAZE,12,0,0,0.00000000,0.00000000,0,0.00000000,0.00000000,0.00000000
FAST,AKAZE,13,0,0,0.00000000,0.00000000,0,0.00000000,0.00000000,0.00000000
FAST,AKAZE,14,0,0,0.00000000,0.00000000,0,0.00000000,0.00000000,0.00000000
FAST,AKAZE,15,0,0,0.00000000,0.00000000,0,0.00000000,0.00000000,0.00000000
FAST,AKAZE,16,0,0,0.00000000,0.00000000,0,0.00000000,0.00000000,0.00000000
FAST,AKAZE,17,0,0,0.00000000,0.00000000,0,0.00000000,0.00000000,0.00000000

FAST,SIFT,0,1864,0,1.38420000,39.19550000,0,0.00000000,0.00000000,0.00000000
FAST,SIFT,1,1898,0,1.22010000,39.01130000,1424,18.80470000,12.28909987,12.35411492
FAST,SIFT,2,1865,0,1.25030000,40.53130000,1446,18.27180000,13.35472472,12.75708956
FAST,SIFT,3,1840,0,1.28940000,45.31250000,1383,17.41820000,16.38445235,12.82141867
FAST,SIFT,4,1867,0,1.37400000,36.12700000,1389,18.44970000,14.07644542,12.63213219
FAST,SIFT,5,1876,0,1.50050000,43.86390000,1449,17.55580000,12.72994538,13.04588753
FAST,SIFT,6,1843,0,1.30990000,37.37500000,1425,18.00490000,13.75107388,12.31755296
FAST,SIFT,7,1829,0,1.37630000,41.27650000,1377,20.26500000,13.73143194,11.90334734
FAST,SIFT,8,1843,0,1.27730000,37.23750000,1345,17.00580000,13.79012564,12.06746610
FAST,SIFT,9,1818,0,1.28310000,40.46130000,1385,18.55020000,12.05899411,13.27519130
FAST,SIFT,10,1879,0,1.62030000,36.63290000,1392,18.34210000,11.86418535,13.26826559
FAST,SIFT,11,1849,0,1.38190000,45.02610000,1350,19.18400000,11.96819706,12.95088640
FAST,SIFT,12,1826,0,1.48220000,35.04100000,1368,18.20780000,9.88711316,12.27297309
FAST,SIFT,13,1842,0,1.26430000,39.50130000,1368,16.87510000,9.42503692,13.40297402
FAST,SIFT,14,1833,0,1.33450000,36.33400000,1386,17.22010000,9.30214768,11.91905520
FAST,SIFT,15,1921,0,1.34060000,39.33690000,1386,18.56640000,8.32120023,11.34212749
FAST,SIFT,16,1934,0,1.32940000,40.15820000,1446,29.75170000,8.89867334,10.70372101
FAST,SIFT,17,1946,0,1.30600000,35.79990000,1445,18.76690000,11.03011361,10.36289123

BRISK,BRISK,0,2896,0,33.60700000,29.07380000,0,0.00000000,0.00000000,0.00000000
BRISK,BRISK,1,3000,0,37.65030000,24.62910000,1578,23.91700000,12.28909987,14.33459429
BRISK,BRISK,2,2974,0,33.83850000,24.59820000,1631,23.97610000,13.35472472,21.71857316
BRISK,BRISK,3,2953,0,38.14940000,25.12460000,1589,24.51930000,16.38445235,14.07442815
BRISK,BRISK,4,2855,0,34.67740000,24.30640000,1510,22.50660000,14.07644542,13.81294154
BRISK,BRISK,5,2906,0,32.67960000,25.39260000,1497,27.92070000,12.72994538,26.43049931
BRISK,BRISK,6,2886,0,33.90490000,23.57780000,1525,22.06820000,13.75107388,16.93104295
BRISK,BRISK,7,2886,0,34.63450000,24.20320000,1500,24.04600000,13.73143194,14.42880302
BRISK,BRISK,8,2893,0,34.75400000,24.74160000,1494,28.51560000,13.79012564,12.65825210
BRISK,BRISK,9,2930,0,35.84940000,24.88160000,1529,21.49940000,12.05899411,13.89591495
BRISK,BRISK,10,3022,0,34.76000000,24.64770000,1497,22.41500000,11.86418535,10.87818579
BRISK,BRISK,11,3013,0,38.79670000,25.00010000,1564,24.70700000,11.96819706,13.39020715
BRISK,BRISK,12,2949,0,42.30580000,24.81620000,1562,23.24260000,9.88711316,11.93683145
BRISK,BRISK,13,3012,0,34.27760000,27.59760000,1553,29.88940000,9.42503692,10.87282548
BRISK,BRISK,14,3026,0,35.12980000,24.96610000,1588,24.84920000,9.30214768,14.44969186
BRISK,BRISK,15,3074,0,34.97170000,25.00350000,1682,23.73170000,8.32120023,11.81838513
BRISK,BRISK,16,3131,0,38.21970000,26.04070000,1687,24.96300000,8.89867334,11.51389206
BRISK,BRISK,17,3135,0,35.63740000,25.61470000,1682,24.37750000,11.03011361,10.16703709

BRISK,BRIEF,0,2896,0,32.28310000,7.64250000,0,0.00000000,0.00000000,0.00000000
BRISK,BRIEF,1,3000,0,32.66160000,8.04450000,1702,19.78480000,12.28909987,10.96324679
BRISK,BRIEF,2,2974,0,32.61540000,8.23530000,1777,19.39550000,13.35472472,15.46585420
BRISK,BRIEF,3,2953,0,32.83470000,8.82670000,1805,20.21060000,16.38445235,10.85247641
BRISK,BRIEF,4,2855,0,32.23570000,8.43580000,1705,22.49630000,14.07644542,23.11285255
BRISK,BRIEF,5,2906,0,34.96290000,9.86660000,1715,19.86960000,12.72994538,15.04318417
BRISK,BRIEF,6,2886,0,34.88940000,9.57700000,1747,20.60270000,13.75107388,17.31119276
BRISK,BRIEF,7,2886,0,32.94120000,8.78220000,1678,25.08250000,13.73143194,13.80424967
BRISK,BRIEF,8,2893,0,35.35340000,8.76960000,1675,19.52590000,13.79012564,16.81965358
BRISK,BRIEF,9,2930,0,34.19880000,8.81420000,1737,18.75600000,12.05899411,15.05143251
BRISK,BRIEF,10,3022,0,35.76360000,9.06370000,1708,19.53480000,11.86418535,9.68531188
BRISK,BRIEF,11,3013,0,35.53180000,9.66410000,1741,19.92550000,11.96819706,12.53940098
BRISK,BRIEF,12,2949,0,36.98750000,12.54660000,1742,26.61740000,9.88711316,12.19694061
BRISK,BRIEF,13,3012,0,34.59930000,8.43100000,1721,19.16220000,9.42503692,11.84389655
BRISK,BRIEF,14,3026,0,34.95320000,8.60020000,1764,20.71090000,9.30214768,11.33713687
BRISK,BRIEF,15,3074,0,44.02630000,11.02920000,1850,22.59820000,8.32120023,10.24529327
BRISK,BRIEF,16,3131,0,35.52410000,9.45520000,1838,20.75780000,8.89867334,10.91639676
BRISK,BRIEF,17,3135,0,37.85430000,8.59560000,1908,21.26790000,11.03011361,11.05713847

BRISK,ORB,0,2896,0,33.12680000,8.77430000,0,0.00000000,0.00000000,0.00000000
BRISK,ORB,1,3000,0,34.44190000,8.09750000,1480,18.73920000,12.28909987,11.32603443
BRISK,ORB,2,2974,0,37.10860000,9.43440000,1523,21.07110000,13.35472472,18.93055025
BRISK,ORB,3,2953,0,38.02250000,8.87180000,1517,20.97090000,16.38445235,12.70295430
BRISK,ORB,4,2855,0,33.17320000,10.23660000,1436,19.45090000,14.07644542,13.46450198
BRISK,ORB,5,2906,0,34.35790000,8.12290000,1422,18.63640000,12.72994538,17.70685265
BRISK,ORB,6,2886,0,37.27330000,9.77940000,1436,20.06580000,13.75107388,22.92215328
BRISK,ORB,7,2886,0,34.12210000,8.15080000,1415,18.11560000,13.73143194,15.01918376
BRISK,ORB,8,2893,0,33.21340000,8.24540000,1431,17.82980000,13.79012564,15.22557886
BRISK,ORB,9,2930,0,35.57300000,8.17970000,1440,18.42300000,12.05899411,13.93838957
BRISK,ORB,10,3022,0,36.60940000,8.90740000,1463,20.40660000,11.86418535,10.58828706
BRISK,ORB,11,3013,0,37.03300000,10.47170000,1456,22.54970000,11.96819706,14.03634574
BRISK,ORB,12,2949,0,50.96780000,14.54230000,1481,29.89980000,9.88711316,12.39422438
BRISK,ORB,13,3012,0,54.53000000,13.47210000,1479,38.57440000,9.42503692,11.13474717
BRISK,ORB,14,3026,0,36.71300000,10.19220000,1536,21.74470000,9.30214768,14.96618374
BRISK,ORB,15,3074,0,37.52850000,8.50940000,1557,23.79290000,8.32120023,10.14247451
BRISK,ORB,16,3131,0,37.59460000,8.51900000,1554,23.41280000,8.89867334,11.77782435
BRISK,ORB,17,3135,0,41.60150000,9.39510000,1590,27.87880000,11.03011361,10.10460404

BRISK,FREAK,0,2896,0,35.01570000,45.75740000,0,0.00000000,0.00000000,0.00000000
BRISK,FREAK,1,3000,0,37.65830000,43.45470000,1396,15.84410000,12.28909987,11.77775497
BRISK,FREAK,2,2974,0,36.14740000,47.02830000,1470,19.29720000,13.35472472,21.23270301
BRISK,FREAK,3,2953,0,34.06850000,47.76770000,1477,16.23370000,16.38445235,10.68889230
BRISK,FREAK,4,2855,0,34.15760000,42.24380000,1428,14.96020000,14.07644542,14.58039794
BRISK,FREAK,5,2906,0,34.55520000,40.70740000,1391,15.47660000,12.72994538,16.41083930
BRISK,FREAK,6,2886,0,36.81070000,48.02360000,1388,19.79790000,13.75107388,12.73224354
BRISK,FREAK,7,2886,0,35.63510000,43.08180000,1364,17.69970000,13.73143194,10.91898758
BRISK,FREAK,8,2893,0,35.43820000,49.68560000,1368,20.84080000,13.79012564,13.12471177
BRISK,FREAK,9,2930,0,37.21990000,49.48090000,1382,17.58450000,12.05899411,16.97090727
BRISK,FREAK,10,3022,0,37.46160000,45.34670000,1370,17.56790000,11.86418535,11.95821596
BRISK,FREAK,11,3013,0,37.20710000,48.29990000,1412,18.42930000,11.96819706,14.70554730
BRISK,FREAK,12,2949,0,40.87560000,44.08480000,1382,17.64550000,9.88711316,11.21841104
BRISK,FREAK,13,3012,0,45.37380000,49.37230000,1355,17.29940000,9.42503692,13.22374413
BRISK,FREAK,14,3026,0,40.70040000,50.92480000,1376,18.11440000,9.30214768,10.11398249
BRISK,FREAK,15,3074,0,39.51630000,47.22780000,1475,19.06560000,8.32120023,14.19565967
BRISK,FREAK,16,3131,0,44.50860000,51.49270000,1465,19.90290000,8.89867334,10.30505907
BRISK,FREAK,17,3135,0,43.64040000,49.78280000,1544,23.44240000,11.03011361,10.11665753

BRISK,AKAZE,0,0,0,0.00000000,0.00000000,0,0.00000000,0.00000000,0.00000000
BRISK,AKAZE,1,0,0,0.00000000,0.00000000,0,0.00000000,0.00000000,0.00000000
BRISK,AKAZE,2,0,0,0.00000000,0.00000000,0,0.00000000,0.00000000,0.00000000
BRISK,AKAZE,3,0,0,0.00000000,0.00000000,0,0.00000000,0.00000000,0.00000000
BRISK,AKAZE,4,0,0,0.00000000,0.00000000,0,0.00000000,0.00000000,0.00000000
BRISK,AKAZE,5,0,0,0.00000000,0.00000000,0,0.00000000,0.00000000,0.00000000
BRISK,AKAZE,6,0,0,0.00000000,0.00000000,0,0.00000000,0.00000000,0.00000000
BRISK,AKAZE,7,0,0,0.00000000,0.00000000,0,0.00000000,0.00000000,0.00000000
BRISK,AKAZE,8,0,0,0.00000000,0.00000000,0,0.00000000,0.00000000,0.00000000
BRISK,AKAZE,9,0,0,0.00000000,0.00000000,0,0.00000000,0.00000000,0.00000000
BRISK,AKAZE,10,0,0,0.00000000,0.00000000,0,0.00000000,0.00000000,0.00000000
BRISK,AKAZE,11,0,0,0.00000000,0.00000000,0,0.00000000,0.00000000,0.00000000
BRISK,AKAZE,12,0,0,0.00000000,0.00000000,0,0.00000000,0.00000000,0.00000000
BRISK,AKAZE,13,0,0,0.00000000,0.00000000,0,0.00000000,0.00000000,0.00000000
BRISK,AKAZE,14,0,0,0.00000000,0.00000000,0,0.00000000,0.00000000,0.00000000
BRISK,AKAZE,15,0,0,0.00000000,0.00000000,0,0.00000000,0.00000000,0.00000000
BRISK,AKAZE,16,0,0,0.00000000,0.00000000,0,0.00000000,0.00000000,0.00000000
BRISK,AKAZE,17,0,0,0.00000000,0.00000000,0,0.00000000,0.00000000,0.00000000

BRISK,SIFT,0,2896,0,37.15050000,101.68560000,0,0.00000000,0.00000000,0.00000000
BRISK,SIFT,1,3000,0,38.61170000,95.38920000,1740,51.32270000,12.28909987,13.86785897
BRISK,SIFT,2,2974,0,39.73940000,98.19130000,1774,59.66900000,13.35472472,17.81326865
BRISK,SIFT,3,2953,0,38.09960000,97.71700000,1780,48.03540000,16.38445235,14.53125446
BRISK,SIFT,4,2855,0,42.01580000,103.35700000,1756,51.46630000,14.07644542,15.08512084
BRISK,SIFT,5,2906,0,41.38900000,96.57980000,1718,42.79790000,12.72994538,33.57216202
BRISK,SIFT,6,2886,0,39.67730000,93.38550000,1704,45.07290000,13.75107388,19.63364560
BRISK,SIFT,7,2886,0,41.72150000,97.52450000,1698,44.01710000,13.73143194,15.17110043
BRISK,SIFT,8,2893,0,37.19810000,101.26860000,1669,46.60420000,13.79012564,14.46834029
BRISK,SIFT,9,2930,0,40.60550000,115.57060000,1682,56.82250000,12.05899411,13.70964845
BRISK,SIFT,10,3022,0,35.72350000,81.40180000,1712,46.81320000,11.86418535,11.60972298
BRISK,SIFT,11,3013,0,35.93520000,82.13790000,1751,46.67610000,11.96819706,11.58458581
BRISK,SIFT,12,2949,0,40.31990000,87.73390000,1716,46.67880000,9.88711316,11.02397687
BRISK,SIFT,13,3012,0,39.36790000,83.64370000,1773,44.35280000,9.42503692,11.17743626
BRISK,SIFT,14,3026,0,35.32660000,83.77540000,1715,52.50180000,9.30214768,10.20746658
BRISK,SIFT,15,3074,0,37.55770000,85.37430000,1801,47.79560000,8.32120023,10.32450402
BRISK,SIFT,16,3131,0,37.24930000,99.00900000,1820,49.30480000,8.89867334,14.01992630
BRISK,SIFT,17,3135,0,37.56010000,90.26610000,1872,56.45090000,11.03011361,11.57406309

ORB,BRISK,0,500,0,9.28070000,5.35940000,0,0.00000000,0.00000000,0.00000000
ORB,BRISK,1,500,0,8.65420000,5.17920000,311,0.90130000,12.28909987,10.28522784
ORB,BRISK,2,500,0,10.79730000,5.23420000,290,0.61650000,13.35472472,11.24447198
ORB,BRISK,3,500,0,8.93580000,4.72520000,298,1.37980000,16.38445235,31.53129026
ORB,BRISK,4,500,0,8.45170000,5.04910000,291,0.74970000,14.07644542,12.05960915
ORB,BRISK,5,500,0,9.96950000,7.58550000,316,0.68100000,12.72994538,79.32319731
ORB,BRISK,6,500,0,9.08790000,6.62160000,318,0.66740000,13.75107388,7.13792539
ORB,BRISK,7,500,0,8.83070000,5.15860000,306,0.78860000,13.73143194,8.92813837
ORB,BRISK,8,500,0,8.65980000,5.05700000,309,0.82090000,13.79012564,10.43665665
ORB,BRISK,9,500,0,8.06010000,4.75660000,309,1.25090000,12.05899411,-inf
ORB,BRISK,10,500,0,9.45330000,5.78700000,315,0.68750000,11.86418535,10.88220519
ORB,BRISK,11,500,0,9.59040000,5.34460000,311,0.83570000,11.96819706,7.52121469
ORB,BRISK,12,500,0,8.95790000,4.86140000,315,0.62860000,9.88711316,-inf
ORB,BRISK,13,500,0,9.11930000,4.65830000,316,0.69910000,9.42503692,15.41882941
ORB,BRISK,14,500,0,8.67830000,5.29100000,300,0.69550000,9.30214768,11.35269790
ORB,BRISK,15,500,0,9.11380000,4.47870000,313,0.76750000,8.32120023,13.59396611
ORB,BRISK,16,500,0,10.62070000,5.15360000,326,0.87780000,8.89867334,36.15472108
ORB,BRISK,17,500,0,8.50280000,4.94170000,320,0.65280000,11.03011361,18.70610324

ORB,BRIEF,0,500,0,12.73540000,3.60970000,0,0.00000000,0.00000000,0.00000000
ORB,BRIEF,1,500,0,8.59560000,3.35820000,221,1.21490000,12.28909987,16.50727890
ORB,BRIEF,2,500,0,8.93530000,3.30650000,247,1.13650000,13.35472472,9.79368692
ORB,BRIEF,3,500,0,8.68730000,3.18350000,229,0.95130000,16.38445235,9.75076460
ORB,BRIEF,4,500,0,8.89820000,3.42360000,222,1.30720000,14.07644542,13.22494144
ORB,BRIEF,5,500,0,8.40350000,3.63560000,248,1.21490000,12.72994538,49.91151125
ORB,BRIEF,6,500,0,8.66090000,3.87850000,233,0.92820000,13.75107388,nan
ORB,BRIEF,7,500,0,8.79050000,3.17880000,234,1.06770000,13.73143194,nan
ORB,BRIEF,8,500,0,9.22200000,3.34280000,244,1.58870000,13.79012564,-inf
ORB,BRIEF,9,500,0,8.72320000,3.50700000,242,0.94400000,12.05899411,188.57940513
ORB,BRIEF,10,500,0,9.11920000,3.31710000,223,0.92400000,11.86418535,63.54675660
ORB,BRIEF,11,500,0,11.48790000,3.52080000,226,1.07570000,11.96819706,15.08583266
ORB,BRIEF,12,500,0,11.21220000,3.61700000,252,1.34360000,9.88711316,24.46684196
ORB,BRIEF,13,500,0,9.85490000,3.33800000,229,1.17430000,9.42503692,15.59278511
ORB,BRIEF,14,500,0,8.93800000,3.55390000,238,1.60830000,9.30214768,9.99924923
ORB,BRIEF,15,500,0,10.86170000,3.55360000,262,1.24230000,8.32120023,8.34235631
ORB,BRIEF,16,500,0,9.50600000,3.67800000,219,1.00320000,8.89867334,10.04939626
ORB,BRIEF,17,500,0,9.67390000,3.53080000,223,1.43160000,11.03011361,11.57940259

ORB,ORB,0,500,0,9.30960000,6.90410000,0,0.00000000,0.00000000,0.00000000
ORB,ORB,1,500,0,9.42980000,8.16640000,330,1.07080000,12.28909987,-inf
ORB,ORB,2,500,0,8.96890000,7.07250000,321,1.28090000,13.35472472,9.57499235
ORB,ORB,3,500,0,9.08990000,7.91030000,327,1.44100000,16.38445235,12.09571673
ORB,ORB,4,500,0,10.19660000,7.28480000,320,1.11870000,14.07644542,-inf
ORB,ORB,5,500,0,8.91070000,7.76620000,318,1.25260000,12.72994538,262.71236915
ORB,ORB,6,500,0,10.77530000,7.06170000,343,1.24690000,13.75107388,-inf
ORB,ORB,7,500,0,10.56400000,9.01360000,327,1.41890000,13.73143194,-inf
ORB,ORB,8,500,0,9.14500000,8.61350000,344,1.02890000,13.79012564,18.37432828
ORB,ORB,9,500,0,10.89750000,8.68250000,343,1.19360000,12.05899411,-inf
ORB,ORB,10,500,0,10.84500000,7.05970000,320,1.22680000,11.86418535,11.47588477
ORB,ORB,11,500,0,10.01260000,8.00690000,325,1.73110000,11.96819706,9.34127950
ORB,ORB,12,500,0,10.96150000,9.38050000,325,4.15100000,9.88711316,-inf
ORB,ORB,13,500,0,9.14750000,8.66650000,309,0.91210000,9.42503692,-inf
ORB,ORB,14,500,0,8.73360000,7.56010000,345,0.97080000,9.30214768,-inf
ORB,ORB,15,500,0,10.14820000,9.43640000,335,1.18660000,8.32120023,-inf
ORB,ORB,16,500,0,9.23440000,6.61030000,312,0.98290000,8.89867334,15.81129200
ORB,ORB,17,500,0,10.96370000,7.49980000,344,1.13580000,11.03011361,21.86915132

ORB,FREAK,0,500,0,11.08870000,37.96680000,0,0.00000000,0.00000000,0.00000000
ORB,FREAK,1,500,0,9.14350000,35.55450000,109,0.26700000,12.28909987,12.05689321
ORB,FREAK,2,500,0,11.70780000,41.17030000,123,0.29030000,13.35472472,10.72100062
ORB,FREAK,3,500,0,8.79000000,35.64560000,128,0.33030000,16.38445235,11.55855387
ORB,FREAK,4,500,0,9.12060000,39.02180000,136,0.21880000,14.07644542,10.84924287
ORB,FREAK,5,500,0,9.71140000,36.73650000,110,0.26070000,12.72994538,14.06008269
ORB,FREAK,6,500,0,9.38790000,38.43520000,132,0.25440000,13.75107388,-inf
ORB,FREAK,7,500,0,9.02670000,35.81950000,136,0.21800000,13.73143194,nan
ORB,FREAK,8,500,0,9.76510000,37.38260000,135,0.29760000,13.79012564,nan
ORB,FREAK,9,500,0,9.38540000,36.25780000,144,0.32660000,12.05899411,18.39005709
ORB,FREAK,10,500,0,9.92090000,37.12470000,146,0.28300000,11.86418535,10.87753999
ORB,FREAK,11,500,0,8.76930000,34.75740000,149,0.28650000,11.96819706,10.81805274
ORB,FREAK,12,500,0,10.30440000,36.19920000,155,0.27870000,9.88711316,8.31342005
ORB,FREAK,13,500,0,8.23130000,35.50810000,139,0.28430000,9.42503692,8.59036173
ORB,FREAK,14,500,0,8.69220000,35.63650000,151,0.33970000,9.30214768,10.85419008
ORB,FREAK,15,500,0,8.27530000,35.51910000,160,0.28030000,8.32120023,nan
ORB,FREAK,16,500,0,12.65090000,42.70040000,144,0.24500000,8.89867334,10.45584239
ORB,FREAK,17,500,0,8.64910000,35.23650000,137,0.30540000,11.03011361,6.42412154

ORB,AKAZE,0,0,0,0.00000000,0.00000000,0,0.00000000,0.00000000,0.00000000
ORB,AKAZE,1,0,0,0.00000000,0.00000000,0,0.00000000,0.00000000,0.00000000
ORB,AKAZE,2,0,0,0.00000000,0.00000000,0,0.00000000,0.00000000,0.00000000
ORB,AKAZE,3,0,0,0.00000000,0.00000000,0,0.00000000,0.00000000,0.00000000
ORB,AKAZE,4,0,0,0.00000000,0.00000000,0,0.00000000,0.00000000,0.00000000
ORB,AKAZE,5,0,0,0.00000000,0.00000000,0,0.00000000,0.00000000,0.00000000
ORB,AKAZE,6,0,0,0.00000000,0.00000000,0,0.00000000,0.00000000,0.00000000
ORB,AKAZE,7,0,0,0.00000000,0.00000000,0,0.00000000,0.00000000,0.00000000
ORB,AKAZE,8,0,0,0.00000000,0.00000000,0,0.00000000,0.00000000,0.00000000
ORB,AKAZE,9,0,0,0.00000000,0.00000000,0,0.00000000,0.00000000,0.00000000
ORB,AKAZE,10,0,0,0.00000000,0.00000000,0,0.00000000,0.00000000,0.00000000
ORB,AKAZE,11,0,0,0.00000000,0.00000000,0,0.00000000,0.00000000,0.00000000
ORB,AKAZE,12,0,0,0.00000000,0.00000000,0,0.00000000,0.00000000,0.00000000
ORB,AKAZE,13,0,0,0.00000000,0.00000000,0,0.00000000,0.00000000,0.00000000
ORB,AKAZE,14,0,0,0.00000000,0.00000000,0,0.00000000,0.00000000,0.00000000
ORB,AKAZE,15,0,0,0.00000000,0.00000000,0,0.00000000,0.00000000,0.00000000
ORB,AKAZE,16,0,0,0.00000000,0.00000000,0,0.00000000,0.00000000,0.00000000
ORB,AKAZE,17,0,0,0.00000000,0.00000000,0,0.00000000,0.00000000,0.00000000

ORB,SIFT,0,500,0,8.72520000,60.18420000,0,0.00000000,0.00000000,0.00000000
ORB,SIFT,1,500,0,9.20330000,63.73900000,374,2.69500000,12.28909987,8.78371813
ORB,SIFT,2,500,0,8.83760000,53.40250000,361,1.69450000,13.35472472,13.59900861
ORB,SIFT,3,500,0,9.95710000,64.76070000,366,2.05780000,16.38445235,12.09571673
ORB,SIFT,4,500,0,9.70400000,52.77480000,372,1.58640000,14.07644542,14.57772204
ORB,SIFT,5,500,0,9.48700000,70.00550000,375,1.83060000,12.72994538,-inf
ORB,SIFT,6,500,0,9.16970000,51.63890000,381,1.78800000,13.75107388,-inf
ORB,SIFT,7,500,0,8.91340000,55.08730000,378,1.45320000,13.73143194,-inf
ORB,SIFT,8,500,0,8.66740000,54.13920000,372,1.45810000,13.79012564,10.99114062
ORB,SIFT,9,500,0,10.77870000,69.63650000,352,1.93160000,12.05899411,-inf
ORB,SIFT,10,500,0,11.19240000,55.84280000,355,1.49570000,11.86418535,11.13886850
ORB,SIFT,11,500,0,8.20170000,54.44200000,377,1.63970000,11.96819706,7.74873527
ORB,SIFT,12,500,0,8.48540000,54.59520000,394,1.48840000,9.88711316,-inf
ORB,SIFT,13,500,0,10.16040000,61.22760000,377,1.74910000,9.42503692,12.85621148
ORB,SIFT,14,500,0,8.98190000,57.34040000,393,1.66670000,9.30214768,-inf
ORB,SIFT,15,500,0,9.02720000,52.31710000,383,1.40840000,8.32120023,171.91619554
ORB,SIFT,16,500,0,9.57780000,52.24830000,368,1.52300000,8.89867334,12.87873091
ORB,SIFT,17,500,0,8.82540000,52.09650000,360,1.42040000,11.03011361,19.20264194

AKAZE,BRISK,0,1513,0,63.04050000,12.58530000,0,0.00000000,0.00000000,0.00000000
AKAZE,BRISK,1,1541,0,64.12060000,14.69030000,973,8.11880000,12.28909987,11.67947406
AKAZE,BRISK,2,1529,0,61.96170000,13.25940000,965,6.10520000,13.35472472,13.07263742
AKAZE,BRISK,3,1561,0,54.04040000,13.78820000,988,7.01730000,16.38445235,13.46281278
AKAZE,BRISK,4,1545,0,77.62950000,13.83560000,975,6.90760000,14.07644542,13.68881963
AKAZE,BRISK,5,1526,0,47.39900000,15.97530000,972,8.59380000,12.72994538,13.36583473
AKAZE,BRISK,6,1566,0,53.81660000,13.32640000,1003,6.19900000,13.75107388,12.72475020
AKAZE,BRISK,7,1529,0,60.29220000,12.81740000,1010,6.37290000,13.73143194,16.30045161
AKAZE,BRISK,8,1547,0,59.34310000,13.47520000,994,6.52340000,13.79012564,12.61048668
AKAZE,BRISK,9,1572,0,50.59080000,12.73990000,1007,6.66800000,12.05899411,13.65571823
AKAZE,BRISK,10,1567,0,51.36460000,13.93470000,1008,7.77920000,11.86418535,11.71354110
AKAZE,BRISK,11,1538,0,76.78950000,14.62710000,987,7.17020000,11.96819706,12.89758861
AKAZE,BRISK,12,1513,0,54.72030000,13.59770000,979,6.55770000,9.88711316,10.30097026
AKAZE,BRISK,13,1538,0,56.44230000,14.52860000,986,8.70080000,9.42503692,10.20946171
AKAZE,BRISK,14,1555,0,52.15590000,15.07460000,1028,8.53490000,9.30214768,9.17270334
AKAZE,BRISK,15,1544,0,60.81410000,13.96950000,1060,7.26210000,8.32120023,9.61003835
AKAZE,BRISK,16,1563,0,56.10110000,13.69790000,1040,6.75880000,8.89867334,9.47666712
AKAZE,BRISK,17,1561,0,59.19010000,16.09110000,1103,10.05680000,11.03011361,8.38732913

AKAZE,BRIEF,0,1513,0,53.63600000,7.94310000,0,0.00000000,0.00000000,0.00000000
AKAZE,BRIEF,1,1541,0,57.63550000,10.74770000,1073,9.58230000,12.28909987,12.27440068
AKAZE,BRIEF,2,1529,0,55.29700000,8.77750000,1091,7.32260000,13.35472472,12.86227604
AKAZE,BRIEF,3,1561,0,49.22410000,8.09340000,1109,7.17950000,16.38445235,12.58339865
AKAZE,BRIEF,4,1545,0,59.95990000,6.72530000,1116,7.62320000,14.07644542,12.93216070
AKAZE,BRIEF,5,1526,0,52.44590000,6.55470000,1102,8.62370000,12.72994538,13.18659171
AKAZE,BRIEF,6,1566,0,75.26620000,10.46640000,1121,7.75380000,13.75107388,12.30445942
AKAZE,BRIEF,7,1529,0,53.06120000,7.05800000,1082,8.60230000,13.73143194,15.41213505
AKAZE,BRIEF,8,1547,0,105.74080000,12.67980000,1119,12.64130000,13.79012564,13.48498258
AKAZE,BRIEF,9,1572,0,53.58830000,6.80170000,1120,7.57460000,12.05899411,11.92957570
AKAZE,BRIEF,10,1567,0,53.75600000,7.38290000,1107,8.72760000,11.86418535,11.31970729
AKAZE,BRIEF,11,1538,0,51.71130000,8.93820000,1119,7.27100000,11.96819706,12.12097899
AKAZE,BRIEF,12,1513,0,60.26590000,8.65420000,1104,8.01480000,9.88711316,10.69174130
AKAZE,BRIEF,13,1538,0,65.67040000,12.20630000,1135,8.91670000,9.42503692,11.57854672
AKAZE,BRIEF,14,1555,0,51.54460000,7.27310000,1165,7.94230000,9.30214768,10.50351939
AKAZE,BRIEF,15,1544,0,56.60250000,9.99490000,1170,8.17160000,8.32120023,9.17546435
AKAZE,BRIEF,16,1563,0,61.97840000,7.37590000,1163,10.72410000,8.89867334,10.15589745
AKAZE,BRIEF,17,1561,0,56.82710000,7.27470000,1191,7.56020000,11.03011361,9.03111822

AKAZE,ORB,0,1513,0,52.49070000,7.62570000,0,0.00000000,0.00000000,0.00000000
AKAZE,ORB,1,1541,0,64.13910000,6.98120000,924,7.35430000,12.28909987,10.30345385
AKAZE,ORB,2,1529,0,58.19440000,7.23830000,933,7.24700000,13.35472472,12.81139188
AKAZE,ORB,3,1561,0,52.25690000,6.80360000,958,8.12530000,16.38445235,12.80809088
AKAZE,ORB,4,1545,0,58.08150000,8.63970000,944,7.55760000,14.07644542,14.08946157
AKAZE,ORB,5,1526,0,55.97740000,7.84350000,960,8.61690000,12.72994538,12.83580446
AKAZE,ORB,6,1566,0,75.13970000,11.51540000,958,9.44670000,13.75107388,12.76402683
AKAZE,ORB,7,1529,0,69.58350000,11.33410000,1001,32.14830000,13.73143194,15.35299234
AKAZE,ORB,8,1547,0,58.42140000,7.29320000,990,8.73900000,13.79012564,13.43563265
AKAZE,ORB,9,1572,0,62.08450000,7.39700000,968,9.57930000,12.05899411,10.78249422
AKAZE,ORB,10,1567,0,65.70230000,12.31400000,1002,8.20670000,11.86418535,10.79900359
AKAZE,ORB,11,1538,0,58.44930000,7.19600000,953,11.68730000,11.96819706,12.64514036
AKAZE,ORB,12,1513,0,66.49300000,7.12340000,957,9.26780000,9.88711316,10.46991436
AKAZE,ORB,13,1538,0,52.95820000,7.02300000,951,8.21960000,9.42503692,13.15329116
AKAZE,ORB,14,1555,0,57.50610000,7.52870000,1018,8.34770000,9.30214768,10.22335907
AKAZE,ORB,15,1544,0,66.98890000,8.90090000,1021,9.59600000,8.32120023,9.62972810
AKAZE,ORB,16,1563,0,55.82570000,9.58100000,1015,8.59950000,8.89867334,10.27825858
AKAZE,ORB,17,1561,0,63.47240000,7.33530000,1052,8.33750000,11.03011361,9.75641017

AKAZE,FREAK,0,1513,0,61.14480000,48.94730000,0,0.00000000,0.00000000,0.00000000
AKAZE,FREAK,1,1541,0,55.35100000,48.32450000,915,9.35840000,12.28909987,11.47959720
AKAZE,FREAK,2,1529,0,54.75050000,46.86620000,910,8.08110000,13.35472472,12.19669485
AKAZE,FREAK,3,1561,0,67.44790000,64.70880000,969,10.78060000,16.38445235,12.73684939
AKAZE,FREAK,4,1545,0,57.96830000,49.45200000,935,7.92760000,14.07644542,13.30307688
AKAZE,FREAK,5,1526,0,66.14270000,49.39170000,900,8.07500000,12.72994538,14.22930356
AKAZE,FREAK,6,1566,0,56.15710000,80.66210000,947,9.72250000,13.75107388,13.25718457
AKAZE,FREAK,7,1529,0,68.26820000,51.69520000,984,9.04990000,13.73143194,16.03045602
AKAZE,FREAK,8,1547,0,106.76150000,55.55670000,959,9.15440000,13.79012564,12.83251959
AKAZE,FREAK,9,1572,0,71.46500000,52.13790000,961,10.78740000,12.05899411,11.71988941
AKAZE,FREAK,10,1567,0,63.98080000,53.48110000,970,9.68760000,11.86418535,11.00257546
AKAZE,FREAK,11,1538,0,58.81600000,49.34350000,935,7.37150000,11.96819706,11.79158581
AKAZE,FREAK,12,1513,0,64.64330000,52.81360000,961,10.67110000,9.88711316,11.96496632
AKAZE,FREAK,13,1538,0,62.04330000,56.09620000,964,8.20060000,9.42503692,12.41160335
AKAZE,FREAK,14,1555,0,76.69430000,59.77910000,1010,14.78590000,9.30214768,9.94007386
AKAZE,FREAK,15,1544,0,67.04000000,60.34950000,1028,10.31460000,8.32120023,9.69096590
AKAZE,FREAK,16,1563,0,74.44450000,76.91820000,1011,15.12570000,8.89867334,10.10151831
AKAZE,FREAK,17,1561,0,71.97950000,62.71430000,1027,12.11320000,11.03011361,9.65303773

AKAZE,AKAZE,0,1513,0,73.66470000,75.69310000,0,0.00000000,0.00000000,0.00000000
AKAZE,AKAZE,1,1541,0,64.31810000,49.04000000,1103,12.65800000,12.28909987,11.61024410
AKAZE,AKAZE,2,1529,0,62.11230000,51.90190000,1073,13.06630000,13.35472472,13.58050844
AKAZE,AKAZE,3,1561,0,61.10500000,47.64650000,1126,12.57850000,16.38445235,13.38515485
AKAZE,AKAZE,4,1545,0,58.70190000,51.50790000,1126,11.09970000,14.07644542,13.55859077
AKAZE,AKAZE,5,1526,0,63.28890000,68.12520000,1117,13.24660000,12.72994538,14.70874440
AKAZE,AKAZE,6,1566,0,58.24330000,47.64030000,1118,11.95230000,13.75107388,14.21968852
AKAZE,AKAZE,7,1529,0,63.64100000,49.88990000,1147,9.78930000,13.73143194,15.76589008
AKAZE,AKAZE,8,1547,0,55.19750000,47.64960000,1148,10.32350000,13.79012564,14.61714970
AKAZE,AKAZE,9,1572,0,62.07410000,49.34940000,1120,11.19810000,12.05899411,14.76760697
AKAZE,AKAZE,10,1567,0,55.00530000,47.39540000,1149,11.83680000,11.86418535,11.72962204
AKAZE,AKAZE,11,1538,0,60.44700000,47.97860000,1083,10.55590000,11.96819706,13.06829602
AKAZE,AKAZE,12,1513,0,63.34700000,50.03180000,1087,12.33210000,9.88711316,10.93570164
AKAZE,AKAZE,13,1538,0,58.99050000,45.65050000,1071,10.57750000,9.42503692,11.16979442
AKAZE,AKAZE,14,1555,0,59.47950000,49.89540000,1138,11.84600000,9.30214768,11.49329424
AKAZE,AKAZE,15,1544,0,64.65310000,50.64940000,1119,11.77700000,8.32120023,10.13744758
AKAZE,AKAZE,16,1563,0,67.40890000,54.31110000,1132,10.34710000,8.89867334,10.30431848
AKAZE,AKAZE,17,1561,0,74.72930000,56.92550000,1152,13.47930000,11.03011361,9.80134552

AKAZE,SIFT,0,1513,0,71.99350000,51.61180000,0,0.00000000,0.00000000,0.00000000
AKAZE,SIFT,1,1541,0,63.91220000,47.10090000,1136,15.96320000,12.28909987,11.96058698
AKAZE,SIFT,2,1529,0,73.17920000,52.60730000,1150,16.67940000,13.35472472,12.84875297
AKAZE,SIFT,3,1561,0,57.42840000,42.83780000,1166,18.11270000,16.38445235,12.92814102
AKAZE,SIFT,4,1545,0,71.86810000,45.97120000,1147,15.79380000,14.07644542,13.61359346
AKAZE,SIFT,5,1526,0,69.82130000,46.08690000,1146,21.73180000,12.72994538,14.30038641
AKAZE,SIFT,6,1566,0,65.36960000,43.66170000,1138,17.06280000,13.75107388,14.31394010
AKAZE,SIFT,7,1529,0,60.48550000,41.39790000,1159,14.63790000,13.73143194,15.32845006
AKAZE,SIFT,8,1547,0,63.51310000,43.26940000,1169,15.51410000,13.79012564,14.41282640
AKAZE,SIFT,9,1572,0,62.67490000,42.05790000,1161,16.29790000,12.05899411,12.65842697
AKAZE,SIFT,10,1567,0,69.17200000,44.66380000,1209,16.05150000,11.86418535,11.42457487
AKAZE,SIFT,11,1538,0,56.47260000,42.12710000,1149,15.35120000,11.96819706,12.66710765
AKAZE,SIFT,12,1513,0,68.27370000,45.42230000,1134,14.53130000,9.88711316,10.84536472
AKAZE,SIFT,13,1538,0,68.36510000,64.21080000,1145,21.63900000,9.42503692,11.14407845
AKAZE,SIFT,14,1555,0,68.71850000,47.49070000,1181,17.27160000,9.30214768,10.87551649
AKAZE,SIFT,15,1544,0,78.22100000,57.72790000,1183,15.86500000,8.32120023,9.71701274
AKAZE,SIFT,16,1563,0,78.50830000,47.85530000,1221,15.33670000,8.89867334,10.55077662
AKAZE,SIFT,17,1561,0,64.21040000,47.19630000,1210,16.37090000,11.03011361,9.78901869

SIFT,BRISK,0,1890,0,94.38870000,17.81910000,0,0.00000000,0.00000000,0.00000000
SIFT,BRISK,1,1915,0,99.72550000,18.71630000,731,12.79490000,12.28909987,14.14524286
SIFT,BRISK,2,1824,0,96.86010000,16.88970000,733,11.08210000,13.35472472,13.29782692
SIFT,BRISK,3,1837,0,89.73240000,16.68440000,743,11.78520000,16.38445235,13.83303248
SIFT,BRISK,4,1828,0,96.63700000,15.85400000,723,10.16390000,14.07644542,17.27329308
SIFT,BRISK,5,1875,0,102.99840000,15.69650000,734,11.90950000,12.72994538,16.83184935
SIFT,BRISK,6,1931,0,89.69270000,17.39740000,708,11.01240000,13.75107388,11.91802166
SIFT,BRISK,7,1963,0,84.70630000,16.18330000,758,10.85860000,13.73143194,15.81073242
SIFT,BRISK,8,1954,0,93.03560000,19.16600000,736,11.68050000,13.79012564,15.94674576
SIFT,BRISK,9,1983,0,82.27440000,16.88010000,737,10.22760000,12.05899411,13.81749598
SIFT,BRISK,10,2043,0,94.39390000,20.96520000,753,15.19110000,11.86418535,11.02273796
SIFT,BRISK,11,2065,0,93.12370000,18.07030000,764,14.15130000,11.96819706,12.37931899
SIFT,BRISK,12,2007,0,91.18060000,17.33350000,773,15.75670000,9.88711316,11.43302013
SIFT,BRISK,13,2030,0,102.84560000,20.20310000,789,12.82360000,9.42503692,9.43391294
SIFT,BRISK,14,2048,0,88.73940000,20.94230000,813,13.08670000,9.30214768,9.00599619
SIFT,BRISK,15,2044,0,96.93200000,18.09150000,844,12.71360000,8.32120023,9.45383225
SIFT,BRISK,16,2086,0,99.63260000,19.99330000,829,14.65910000,8.89867334,9.22232136
SIFT,BRISK,17,2093,0,110.51000000,19.97300000,897,12.55860000,11.03011361,8.54520670

SIFT,BRIEF,0,1890,0,84.00810000,9.60950000,0,0.00000000,0.00000000,0.00000000
SIFT,BRIEF,1,1915,0,111.96240000,11.08100000,908,8.56790000,12.28909987,10.66551834
SIFT,BRIEF,2,1824,0,89.33530000,7.65200000,858,11.12030000,13.35472472,13.83532534
SIFT,BRIEF,3,1837,0,134.42110000,12.45760000,878,17.04790000,16.38445235,13.78475846
SIFT,BRIEF,4,1828,0,88.25510000,9.94100000,904,7.81760000,14.07644542,17.56025433
SIFT,BRIEF,5,1875,0,86.67350000,9.14770000,856,8.76830000,12.72994538,12.26265263
SIFT,BRIEF,6,1931,0,97.35220000,9.12840000,893,8.88640000,13.75107388,11.74408290
SIFT,BRIEF,7,1963,0,92.31920000,10.91150000,904,11.54420000,13.73143194,14.71839276
SIFT,BRIEF,8,1954,0,84.65140000,7.85350000,915,11.18420000,13.79012564,19.02368142
SIFT,BRIEF,9,1983,0,102.80900000,8.73680000,881,11.97630000,12.05899411,13.20609946
SIFT,BRIEF,10,2043,0,88.03130000,11.77480000,909,12.39530000,11.86418535,11.83028102
SIFT,BRIEF,11,2065,0,89.34800000,11.36660000,920,10.91090000,11.96819706,10.74771631
SIFT,BRIEF,12,2007,0,83.93730000,11.14730000,919,11.51620000,9.88711316,12.22800612
SIFT,BRIEF,13,2030,0,88.41500000,9.03960000,937,11.22050000,9.42503692,8.98438352
SIFT,BRIEF,14,2048,0,92.64300000,12.12920000,1010,13.26270000,9.30214768,12.80951207
SIFT,BRIEF,15,2044,0,95.48550000,9.00460000,978,11.50650000,8.32120023,9.48496744
SIFT,BRIEF,16,2086,0,91.20260000,16.04920000,962,14.03190000,8.89867334,8.60047299
SIFT,BRIEF,17,2093,0,95.47610000,10.91000000,980,11.30910000,11.03011361,8.88341470

SIFT,ORB,0,0,0,0.00000000,0.00000000,0,0.00000000,0.00000000,0.00000000
SIFT,ORB,1,0,0,0.00000000,0.00000000,0,0.00000000,0.00000000,0.00000000
SIFT,ORB,2,0,0,0.00000000,0.00000000,0,0.00000000,0.00000000,0.00000000
SIFT,ORB,3,0,0,0.00000000,0.00000000,0,0.00000000,0.00000000,0.00000000
SIFT,ORB,4,0,0,0.00000000,0.00000000,0,0.00000000,0.00000000,0.00000000
SIFT,ORB,5,0,0,0.00000000,0.00000000,0,0.00000000,0.00000000,0.00000000
SIFT,ORB,6,0,0,0.00000000,0.00000000,0,0.00000000,0.00000000,0.00000000
SIFT,ORB,7,0,0,0.00000000,0.00000000,0,0.00000000,0.00000000,0.00000000
SIFT,ORB,8,0,0,0.00000000,0.00000000,0,0.00000000,0.00000000,0.00000000
SIFT,ORB,9,0,0,0.00000000,0.00000000,0,0.00000000,0.00000000,0.00000000
SIFT,ORB,10,0,0,0.00000000,0.00000000,0,0.00000000,0.00000000,0.00000000
SIFT,ORB,11,0,0,0.00000000,0.00000000,0,0.00000000,0.00000000,0.00000000
SIFT,ORB,12,0,0,0.00000000,0.00000000,0,0.00000000,0.00000000,0.00000000
SIFT,ORB,13,0,0,0.00000000,0.00000000,0,0.00000000,0.00000000,0.00000000
SIFT,ORB,14,0,0,0.00000000,0.00000000,0,0.00000000,0.00000000,0.00000000
SIFT,ORB,15,0,0,0.00000000,0.00000000,0,0.00000000,0.00000000,0.00000000
SIFT,ORB,16,0,0,0.00000000,0.00000000,0,0.00000000,0.00000000,0.00000000
SIFT,ORB,17,0,0,0.00000000,0.00000000,0,0.00000000,0.00000000,0.00000000

SIFT,FREAK,0,1890,0,89.57890000,50.56120000,0,0.00000000,0.00000000,0.00000000
SIFT,FREAK,1,1915,0,86.59910000,47.79060000,698,10.23160000,12.28909987,10.10328252
SIFT,FREAK,2,1824,0,85.94480000,51.09360000,697,9.61360000,13.35472472,14.10158002
SIFT,FREAK,3,1837,0,88.98250000,49.80030000,699,11.24620000,16.38445235,13.59649452
SIFT,FREAK,4,1828,0,96.50870000,55.84630000,692,11.67860000,14.07644542,17.30766673
SIFT,FREAK,5,1875,0,92.83540000,51.79350000,685,9.76380000,12.72994538,12.47647046
SIFT,FREAK,6,1931,0,96.81610000,55.38210000,692,11.84110000,13.75107388,11.47935886
SIFT,FREAK,7,1963,0,97.70190000,54.58450000,706,9.99060000,13.73143194,14.84706973
SIFT,FREAK,8,1954,0,90.12650000,49.89610000,711,10.83740000,13.79012564,12.85271282
SIFT,FREAK,9,1983,0,92.59080000,56.20140000,687,13.76590000,12.05899411,12.83012335
SIFT,FREAK,10,2043,0,91.30160000,53.78190000,723,10.57410000,11.86418535,11.53243833
SIFT,FREAK,11,2065,0,90.46480000,51.12090000,707,12.81890000,11.96819706,12.96095354
SIFT,FREAK,12,2007,0,87.25080000,50.29700000,741,12.82850000,9.88711316,11.34808467
SIFT,FREAK,13,2030,0,87.89240000,50.57230000,729,11.78550000,9.42503692,10.00816258
SIFT,FREAK,14,2048,0,88.84270000,51.47600000,759,12.20310000,9.30214768,12.63157373
SIFT,FREAK,15,2044,0,84.62340000,49.36970000,763,13.13450000,8.32120023,12.05326102
SIFT,FREAK,16,2086,0,92.56230000,50.29730000,794,13.34940000,8.89867334,8.80793026
SIFT,FREAK,17,2093,0,98.06990000,56.95550000,804,12.58710000,11.03011361,8.86007455

SIFT,AKAZE,0,0,0,0.00000000,0.00000000,0,0.00000000,0.00000000,0.00000000
SIFT,AKAZE,1,0,0,0.00000000,0.00000000,0,0.00000000,0.00000000,0.00000000
SIFT,AKAZE,2,0,0,0.00000000,0.00000000,0,0.00000000,0.00000000,0.00000000
SIFT,AKAZE,3,0,0,0.00000000,0.00000000,0,0.00000000,0.00000000,0.00000000
SIFT,AKAZE,4,0,0,0.00000000,0.00000000,0,0.00000000,0.00000000,0.00000000
SIFT,AKAZE,5,0,0,0.00000000,0.00000000,0,0.00000000,0.00000000,0.00000000
SIFT,AKAZE,6,0,0,0.00000000,0.00000000,0,0.00000000,0.00000000,0.00000000
SIFT,AKAZE,7,0,0,0.00000000,0.00000000,0,0.00000000,0.00000000,0.00000000
SIFT,AKAZE,8,0,0,0.00000000,0.00000000,0,0.00000000,0.00000000,0.00000000
SIFT,AKAZE,9,0,0,0.00000000,0.00000000,0,0.00000000,0.00000000,0.00000000
SIFT,AKAZE,10,0,0,0.00000000,0.00000000,0,0.00000000,0.00000000,0.00000000
SIFT,AKAZE,11,0,0,0.00000000,0.00000000,0,0.00000000,0.00000000,0.00000000
SIFT,AKAZE,12,0,0,0.00000000,0.00000000,0,0.00000000,0.00000000,0.00000000
SIFT,AKAZE,13,0,0,0.00000000,0.00000000,0,0.00000000,0.00000000,0.00000000
SIFT,AKAZE,14,0,0,0.00000000,0.00000000,0,0.00000000,0.00000000,0.00000000
SIFT,AKAZE,15,0,0,0.00000000,0.00000000,0,0.00000000,0.00000000,0.00000000
SIFT,AKAZE,16,0,0,0.00000000,0.00000000,0,0.00000000,0.00000000,0.00000000
SIFT,AKAZE,17,0,0,0.00000000,0.00000000,0,0.00000000,0.00000000,0.00000000

SIFT,SIFT,0,1890,0,87.87900000,93.23790000,0,0.00000000,0.00000000,0.00000000
SIFT,SIFT,1,1915,0,93.20850000,98.86310000,1030,28.42690000,12.28909987,10.25771584
SIFT,SIFT,2,1824,0,98.23430000,95.70760000,987,21.83170000,13.35472472,13.92515270
SIFT,SIFT,3,1837,0,89.55320000,87.24980000,972,20.77370000,16.38445235,12.74747864
SIFT,SIFT,4,1828,0,90.64830000,91.81750000,964,20.04540000,14.07644542,13.68468566
SIFT,SIFT,5,1875,0,89.72240000,91.45940000,988,18.94430000,12.72994538,12.28966587
SIFT,SIFT,6,1931,0,88.67110000,94.53570000,967,21.96390000,13.75107388,11.29687281
SIFT,SIFT,7,1963,0,87.55450000,93.25980000,1011,23.69100000,13.73143194,13.61600994
SIFT,SIFT,8,1954,0,87.17530000,86.75850000,1036,22.69970000,13.79012564,14.01937348
SIFT,SIFT,9,1983,0,91.97220000,90.36130000,1008,20.61910000,12.05899411,11.69717031
SIFT,SIFT,10,2043,0,98.58080000,101.63830000,1003,26.93810000,11.86418535,10.62194216
SIFT,SIFT,11,2065,0,90.23950000,89.73730000,1084,24.58580000,11.96819706,10.35067564
SIFT,SIFT,12,2007,0,93.24180000,87.63690000,1060,26.34350000,9.88711316,10.41747629
SIFT,SIFT,13,2030,0,86.81670000,90.64390000,1107,26.60910000,9.42503692,9.68364361
SIFT,SIFT,14,2048,0,87.33030000,87.46660000,1125,23.05130000,9.30214768,12.45223194
SIFT,SIFT,15,2044,0,90.04480000,87.46860000,1107,24.95200000,8.32120023,10.33736552
SIFT,SIFT,16,2086,0,92.92380000,97.94790000,1173,23.79000000,8.89867334,10.75816982
SIFT,SIFT,17,2093,0,92.16860000,91.55990000,1183,26.58690000,11.03011361,8.40146166

